-- phpMyAdmin SQL Dump
-- version 4.6.6deb5
-- https://www.phpmyadmin.net/
--
-- Client :  localhost:3306
-- Généré le :  Dim 03 Novembre 2019 à 21:41
-- Version du serveur :  5.7.27-0ubuntu0.18.04.1
-- Version de PHP :  7.2.19-0ubuntu0.18.04.2

SET SQL_MODE = "NO_AUTO_VALUE_ON_ZERO";
SET time_zone = "+00:00";


/*!40101 SET @OLD_CHARACTER_SET_CLIENT=@@CHARACTER_SET_CLIENT */;
/*!40101 SET @OLD_CHARACTER_SET_RESULTS=@@CHARACTER_SET_RESULTS */;
/*!40101 SET @OLD_COLLATION_CONNECTION=@@COLLATION_CONNECTION */;
/*!40101 SET NAMES utf8mb4 */;

--
-- Base de données :  `Smash2`
--

-- --------------------------------------------------------

--
-- Structure de la table `combat`
--

CREATE TABLE `combat` (
  `id` int(11) NOT NULL,
  `mode` varchar(255) NOT NULL DEFAULT '1v1',
  `termine` tinyint(1) NOT NULL DEFAULT '0',
  `nbTours` int(11) NOT NULL DEFAULT '0',
  `prochainAttaquant` int(11) DEFAULT NULL,
  `prochainVictime` int(11) DEFAULT NULL,
  `created_at` timestamp NOT NULL DEFAULT CURRENT_TIMESTAMP ON UPDATE CURRENT_TIMESTAMP,
  `deleted_at` timestamp NULL DEFAULT NULL,
  `updated_at` timestamp NULL DEFAULT NULL
) ENGINE=InnoDB DEFAULT CHARSET=latin1;

--
-- Contenu de la table `combat`
--

INSERT INTO `combat` (`id`, `mode`, `termine`, `nbTours`, `prochainAttaquant`, `prochainVictime`, `created_at`, `deleted_at`, `updated_at`) VALUES
(1, '1v1', 1, 5, 2, 1, '2019-11-02 22:10:13', NULL, '2019-11-02 22:10:13'),
(3, '3v3', 1, 15, 9, 12, '2019-11-03 19:23:57', NULL, '2019-11-03 19:23:57'),
(4, '1v1', 1, 3, 16, 15, '2019-11-03 19:24:21', NULL, '2019-11-03 19:24:21'),
(5, '1v1', 1, 4, 18, 17, '2019-11-03 19:24:30', NULL, '2019-11-03 19:24:30'),
(6, '1v1', 1, 1, 20, 19, '2019-11-03 19:24:38', NULL, '2019-11-03 19:24:38'),
(7, '1v1', 1, 3, 22, 21, '2019-11-03 19:24:48', NULL, '2019-11-03 19:24:48'),
(8, '1v1', 1, 2, 24, 23, '2019-11-03 19:24:58', NULL, '2019-11-03 19:24:58'),
(9, '1v1', 1, 6, 25, 26, '2019-11-03 19:25:10', NULL, '2019-11-03 19:25:10'),
(10, '1v1', 1, 5, 28, 27, '2019-11-03 19:25:18', NULL, '2019-11-03 19:25:18'),
(11, '3v3', 1, 17, 31, 32, '2019-11-03 19:25:28', NULL, '2019-11-03 19:25:28'),
(12, '1v1', 1, 1, 36, 35, '2019-11-03 19:25:36', NULL, '2019-11-03 19:25:36'),
(13, '1v1', 1, 4, 38, 37, '2019-11-03 19:25:43', NULL, '2019-11-03 19:25:43'),
(14, '1v1', 1, 3, 40, 39, '2019-11-03 19:25:50', NULL, '2019-11-03 19:25:50'),
(15, '1v1', 1, 3, 42, 41, '2019-11-03 19:25:58', NULL, '2019-11-03 19:25:58'),
(16, '1v1', 1, 10, 43, 44, '2019-11-03 19:26:09', NULL, '2019-11-03 19:26:09'),
(17, '1v1', 1, 6, 46, 45, '2019-11-03 19:26:18', NULL, '2019-11-03 19:26:18'),
(18, '1v1', 1, 7, 47, 48, '2019-11-03 19:26:27', NULL, '2019-11-03 19:26:27'),
(19, '1v1', 1, 2, 50, 49, '2019-11-03 19:26:33', NULL, '2019-11-03 19:26:33'),
(20, '3v3', 1, 16, 56, 53, '2019-11-03 19:26:45', NULL, '2019-11-03 19:26:45'),
(21, '1v1', 1, 9, 58, 57, '2019-11-03 19:26:55', NULL, '2019-11-03 19:26:55'),
(22, '1v1', 1, 3, 59, 60, '2019-11-03 19:27:01', NULL, '2019-11-03 19:27:01'),
(23, '1v1', 1, 7, 61, 62, '2019-11-03 19:27:09', NULL, '2019-11-03 19:27:09'),
(24, '1v1', 1, 2, 63, 64, '2019-11-03 19:27:16', NULL, '2019-11-03 19:27:16'),
(25, '1v1', 1, 2, 65, 66, '2019-11-03 19:27:24', NULL, '2019-11-03 19:27:24'),
(26, '1v1', 1, 4, 68, 67, '2019-11-03 19:27:31', NULL, '2019-11-03 19:27:31'),
(27, '1v1', 1, 19, 69, 70, '2019-11-03 19:27:41', NULL, '2019-11-03 19:27:41'),
(28, '1v1', 1, 7, 72, 71, '2019-11-03 19:27:50', NULL, '2019-11-03 19:27:50'),
(29, '1v1', 1, 3, 74, 73, '2019-11-03 19:27:57', NULL, '2019-11-03 19:27:57'),
(30, '1v1', 1, 4, 76, 75, '2019-11-03 19:28:03', NULL, '2019-11-03 19:28:03'),
(31, '1v1', 1, 3, 78, 77, '2019-11-03 19:28:26', NULL, '2019-11-03 19:28:26'),
(32, '1v1', 1, 5, 79, 80, '2019-11-03 19:28:35', NULL, '2019-11-03 19:28:35'),
(33, '1v1', 1, 6, 82, 81, '2019-11-03 19:28:54', NULL, '2019-11-03 19:28:54'),
(34, '1v1', 1, 7, 83, 84, '2019-11-03 19:29:02', NULL, '2019-11-03 19:29:02'),
(35, '1v1', 1, 3, 86, 85, '2019-11-03 19:29:10', NULL, '2019-11-03 19:29:10'),
(36, '1v1', 1, 4, 87, 88, '2019-11-03 19:29:18', NULL, '2019-11-03 19:29:18'),
(37, '1v1', 1, 7, 89, 90, '2019-11-03 19:29:25', NULL, '2019-11-03 19:29:25'),
(38, '1v1', 1, 4, 91, 92, '2019-11-03 19:29:34', NULL, '2019-11-03 19:29:34'),
(39, '1v1', 1, 3, 94, 93, '2019-11-03 19:29:41', NULL, '2019-11-03 19:29:41'),
(40, '1v1', 1, 7, 96, 95, '2019-11-03 19:29:50', NULL, '2019-11-03 19:29:50'),
(41, '3v3', 1, 9, 100, 98, '2019-11-03 19:30:01', NULL, '2019-11-03 19:30:01'),
(42, '1v1', 1, 19, 104, 103, '2019-11-03 19:30:12', NULL, '2019-11-03 19:30:12'),
(43, '1v1', 1, 4, 105, 106, '2019-11-03 19:30:20', NULL, '2019-11-03 19:30:20'),
(44, '1v1', 1, 8, 108, 107, '2019-11-03 19:30:28', NULL, '2019-11-03 19:30:28'),
(45, '1v1', 1, 7, 110, 109, '2019-11-03 19:30:35', NULL, '2019-11-03 19:30:35'),
(46, '1v1', 1, 2, 112, 111, '2019-11-03 19:30:42', NULL, '2019-11-03 19:30:42'),
(47, '1v1', 1, 2, 113, 114, '2019-11-03 19:30:48', NULL, '2019-11-03 19:30:48'),
(48, '1v1', 1, 5, 115, 116, '2019-11-03 19:30:55', NULL, '2019-11-03 19:30:55'),
(49, '1v1', 1, 2, 117, 118, '2019-11-03 19:31:02', NULL, '2019-11-03 19:31:02'),
(50, '3v3', 1, 9, 123, 120, '2019-11-03 19:31:16', NULL, '2019-11-03 19:31:16'),
(51, '1v1', 1, 12, 126, 125, '2019-11-03 19:31:25', NULL, '2019-11-03 19:31:25'),
(52, '1v1', 1, 3, 128, 127, '2019-11-03 19:31:34', NULL, '2019-11-03 19:31:34'),
(53, '1v1', 1, 4, 130, 129, '2019-11-03 19:31:43', NULL, '2019-11-03 19:31:43'),
(54, '1v1', 1, 4, 131, 132, '2019-11-03 19:31:52', NULL, '2019-11-03 19:31:52'),
(55, '1v1', 1, 8, 133, 134, '2019-11-03 19:32:02', NULL, '2019-11-03 19:32:02'),
(56, '1v1', 1, 2, 136, 135, '2019-11-03 19:32:09', NULL, '2019-11-03 19:32:09'),
(57, '1v1', 1, 5, 138, 137, '2019-11-03 19:32:16', NULL, '2019-11-03 19:32:16'),
(58, '1v1', 1, 6, 139, 140, '2019-11-03 19:32:25', NULL, '2019-11-03 19:32:25'),
(59, '1v1', 1, 1, 142, 141, '2019-11-03 19:32:31', NULL, '2019-11-03 19:32:31'),
(60, '1v1', 1, 2, 144, 143, '2019-11-03 19:32:39', NULL, '2019-11-03 19:32:39'),
(61, '1v1', 1, 2, 146, 145, '2019-11-03 19:32:47', NULL, '2019-11-03 19:32:47'),
(62, '1v1', 1, 2, 148, 147, '2019-11-03 19:32:56', NULL, '2019-11-03 19:32:56'),
(63, '1v1', 1, 3, 150, 149, '2019-11-03 19:33:03', NULL, '2019-11-03 19:33:03'),
(64, '1v1', 1, 1, 152, 151, '2019-11-03 19:33:10', NULL, '2019-11-03 19:33:10'),
(65, '1v1', 1, 1, 153, 154, '2019-11-03 19:33:21', NULL, '2019-11-03 19:33:21'),
(66, '1v1', 1, 3, 156, 155, '2019-11-03 19:33:42', NULL, '2019-11-03 19:33:42'),
(67, '1v1', 1, 6, 158, 157, '2019-11-03 19:33:52', NULL, '2019-11-03 19:33:52'),
(68, '1v1', 1, 2, 160, 159, '2019-11-03 19:34:00', NULL, '2019-11-03 19:34:00'),
(69, '1v1', 1, 3, 162, 161, '2019-11-03 19:34:08', NULL, '2019-11-03 19:34:08'),
(70, '1v1', 1, 5, 164, 163, '2019-11-03 19:34:15', NULL, '2019-11-03 19:34:15'),
(71, '1v1', 1, 2, 166, 165, '2019-11-03 19:34:20', NULL, '2019-11-03 19:34:20'),
(72, '1v1', 1, 4, 167, 168, '2019-11-03 19:34:26', NULL, '2019-11-03 19:34:26'),
(73, '1v1', 1, 3, 169, 170, '2019-11-03 19:34:32', NULL, '2019-11-03 19:34:32'),
(74, '1v1', 1, 3, 172, 171, '2019-11-03 19:34:37', NULL, '2019-11-03 19:34:37'),
(75, '1v1', 1, 2, 174, 173, '2019-11-03 19:34:42', NULL, '2019-11-03 19:34:42'),
(76, '1v1', 1, 5, 176, 175, '2019-11-03 19:34:49', NULL, '2019-11-03 19:34:49'),
(77, '1v1', 1, 2, 178, 177, '2019-11-03 19:34:54', NULL, '2019-11-03 19:34:54'),
(78, '1v1', 1, 8, 180, 179, '2019-11-03 19:35:00', NULL, '2019-11-03 19:35:00'),
(79, '1v1', 1, 5, 181, 182, '2019-11-03 19:35:06', NULL, '2019-11-03 19:35:06'),
(80, '1v1', 1, 7, 184, 183, '2019-11-03 19:35:12', NULL, '2019-11-03 19:35:12'),
(81, '1v1', 1, 10, 185, 186, '2019-11-03 19:35:19', NULL, '2019-11-03 19:35:19'),
(82, '1v1', 1, 7, 187, 188, '2019-11-03 19:35:25', NULL, '2019-11-03 19:35:25'),
(83, '1v1', 1, 1, 189, 190, '2019-11-03 19:35:31', NULL, '2019-11-03 19:35:31'),
(84, '1v1', 1, 1, 192, 191, '2019-11-03 19:35:36', NULL, '2019-11-03 19:35:36'),
(85, '1v1', 1, 4, 193, 194, '2019-11-03 19:35:41', NULL, '2019-11-03 19:35:41'),
(86, '1v1', 1, 1, 196, 195, '2019-11-03 19:35:46', NULL, '2019-11-03 19:35:46'),
(87, '1v1', 1, 3, 197, 198, '2019-11-03 19:35:56', NULL, '2019-11-03 19:35:56'),
(88, '1v1', 1, 15, 199, 200, '2019-11-03 19:36:03', NULL, '2019-11-03 19:36:03'),
(89, '1v1', 1, 7, 202, 201, '2019-11-03 19:36:10', NULL, '2019-11-03 19:36:10'),
(90, '1v1', 1, 4, 203, 204, '2019-11-03 19:36:16', NULL, '2019-11-03 19:36:16'),
(91, '1v1', 1, 10, 205, 206, '2019-11-03 19:36:25', NULL, '2019-11-03 19:36:25'),
(92, '1v1', 1, 5, 207, 208, '2019-11-03 19:36:30', NULL, '2019-11-03 19:36:30'),
(93, '1v1', 1, 4, 209, 210, '2019-11-03 19:36:36', NULL, '2019-11-03 19:36:36'),
(94, '1v1', 1, 1, 212, 211, '2019-11-03 19:36:41', NULL, '2019-11-03 19:36:41'),
(95, '1v1', 1, 1, 214, 213, '2019-11-03 19:36:46', NULL, '2019-11-03 19:36:46'),
(96, '1v1', 1, 8, 216, 215, '2019-11-03 19:36:53', NULL, '2019-11-03 19:36:53'),
(97, '1v1', 1, 1, 218, 217, '2019-11-03 19:36:58', NULL, '2019-11-03 19:36:58'),
(98, '1v1', 1, 2, 220, 219, '2019-11-03 19:37:03', NULL, '2019-11-03 19:37:03'),
(99, '1v1', 1, 1, 222, 221, '2019-11-03 19:37:09', NULL, '2019-11-03 19:37:09'),
(100, '1v1', 1, 9, 224, 223, '2019-11-03 19:37:16', NULL, '2019-11-03 19:37:16'),
(101, '1v1', 1, 5, 225, 226, '2019-11-03 19:37:43', NULL, '2019-11-03 19:37:43'),
(102, '1v1', 1, 8, 227, 228, '2019-11-03 19:38:08', NULL, '2019-11-03 19:38:08'),
(103, '1v1', 1, 8, 230, 229, '2019-11-03 19:38:14', NULL, '2019-11-03 19:38:14'),
(104, '1v1', 1, 5, 231, 232, '2019-11-03 19:38:19', NULL, '2019-11-03 19:38:19'),
(105, '1v1', 1, 4, 234, 233, '2019-11-03 19:38:25', NULL, '2019-11-03 19:38:25'),
(106, '1v1', 1, 13, 235, 236, '2019-11-03 19:38:32', NULL, '2019-11-03 19:38:32'),
(107, '1v1', 1, 4, 238, 237, '2019-11-03 19:38:37', NULL, '2019-11-03 19:38:37'),
(108, '1v1', 1, 2, 240, 239, '2019-11-03 19:38:41', NULL, '2019-11-03 19:38:41'),
(109, '1v1', 1, 2, 242, 241, '2019-11-03 19:38:47', NULL, '2019-11-03 19:38:47'),
(110, '1v1', 1, 4, 244, 243, '2019-11-03 19:38:52', NULL, '2019-11-03 19:38:52'),
(111, '1v1', 1, 3, 246, 245, '2019-11-03 19:38:58', NULL, '2019-11-03 19:38:58'),
(112, '1v1', 1, 3, 248, 247, '2019-11-03 19:39:03', NULL, '2019-11-03 19:39:03'),
(113, '1v1', 1, 2, 250, 249, '2019-11-03 19:39:08', NULL, '2019-11-03 19:39:08'),
(114, '1v1', 1, 5, 252, 251, '2019-11-03 19:39:14', NULL, '2019-11-03 19:39:14'),
(115, '1v1', 1, 3, 254, 253, '2019-11-03 19:39:19', NULL, '2019-11-03 19:39:19'),
(116, '1v1', 1, 1, 256, 255, '2019-11-03 19:39:25', NULL, '2019-11-03 19:39:25'),
(117, '1v1', 1, 11, 257, 258, '2019-11-03 19:39:32', NULL, '2019-11-03 19:39:32'),
(118, '1v1', 1, 4, 260, 259, '2019-11-03 19:39:37', NULL, '2019-11-03 19:39:37'),
(119, '1v1', 1, 5, 262, 261, '2019-11-03 19:39:43', NULL, '2019-11-03 19:39:43'),
(120, '1v1', 1, 9, 263, 264, '2019-11-03 19:39:50', NULL, '2019-11-03 19:39:50'),
(121, '1v1', 1, 1, 266, 265, '2019-11-03 19:39:55', NULL, '2019-11-03 19:39:55'),
(122, '1v1', 1, 2, 268, 267, '2019-11-03 19:40:00', NULL, '2019-11-03 19:40:00'),
(123, '1v1', 1, 4, 270, 269, '2019-11-03 19:40:05', NULL, '2019-11-03 19:40:05'),
(124, '1v1', 1, 3, 271, 272, '2019-11-03 19:40:11', NULL, '2019-11-03 19:40:11'),
(125, '1v1', 1, 6, 274, 273, '2019-11-03 19:40:16', NULL, '2019-11-03 19:40:16'),
(126, '1v1', 1, 5, 276, 275, '2019-11-03 19:40:21', NULL, '2019-11-03 19:40:21'),
(127, '1v1', 1, 5, 278, 277, '2019-11-03 19:40:27', NULL, '2019-11-03 19:40:27'),
(128, '1v1', 1, 3, 280, 279, '2019-11-03 19:40:32', NULL, '2019-11-03 19:40:32'),
(129, '1v1', 1, 6, 282, 281, '2019-11-03 19:40:38', NULL, '2019-11-03 19:40:38'),
(130, '1v1', 1, 5, 284, 283, '2019-11-03 19:40:45', NULL, '2019-11-03 19:40:45'),
(131, '1v1', 1, 6, 286, 285, '2019-11-03 19:40:52', NULL, '2019-11-03 19:40:52'),
(132, '1v1', 1, 6, 288, 287, '2019-11-03 19:40:58', NULL, '2019-11-03 19:40:58'),
(133, '1v1', 1, 1, 290, 289, '2019-11-03 19:41:04', NULL, '2019-11-03 19:41:04'),
(134, '1v1', 1, 3, 292, 291, '2019-11-03 19:41:10', NULL, '2019-11-03 19:41:10'),
(135, '1v1', 1, 4, 293, 294, '2019-11-03 19:41:16', NULL, '2019-11-03 19:41:16'),
(136, '1v1', 1, 2, 296, 295, '2019-11-03 19:41:21', NULL, '2019-11-03 19:41:21'),
(137, '1v1', 1, 5, 298, 297, '2019-11-03 19:41:27', NULL, '2019-11-03 19:41:27'),
(138, '1v1', 1, 2, 300, 299, '2019-11-03 19:41:32', NULL, '2019-11-03 19:41:32'),
(139, '1v1', 1, 3, 302, 301, '2019-11-03 19:41:37', NULL, '2019-11-03 19:41:37'),
(140, '1v1', 1, 2, 303, 304, '2019-11-03 19:41:42', NULL, '2019-11-03 19:41:42'),
(141, '1v1', 1, 10, 306, 305, '2019-11-03 19:41:48', NULL, '2019-11-03 19:41:48'),
(142, '1v1', 1, 10, 307, 308, '2019-11-03 19:41:55', NULL, '2019-11-03 19:41:55'),
(143, '1v1', 1, 5, 309, 310, '2019-11-03 19:42:01', NULL, '2019-11-03 19:42:01'),
(144, '1v1', 1, 14, 311, 312, '2019-11-03 19:42:08', NULL, '2019-11-03 19:42:08'),
(145, '1v1', 1, 4, 314, 313, '2019-11-03 19:42:14', NULL, '2019-11-03 19:42:14'),
(146, '1v1', 1, 6, 316, 315, '2019-11-03 19:42:19', NULL, '2019-11-03 19:42:19'),
(147, '1v1', 1, 8, 318, 317, '2019-11-03 19:42:26', NULL, '2019-11-03 19:42:26'),
(148, '1v1', 1, 3, 319, 320, '2019-11-03 19:42:31', NULL, '2019-11-03 19:42:31'),
(149, '1v1', 1, 4, 322, 321, '2019-11-03 19:42:37', NULL, '2019-11-03 19:42:37'),
(150, '1v1', 1, 7, 323, 324, '2019-11-03 19:42:44', NULL, '2019-11-03 19:42:44'),
(151, '1v1', 1, 7, 325, 326, '2019-11-03 19:42:50', NULL, '2019-11-03 19:42:50'),
(152, '1v1', 1, 5, 327, 328, '2019-11-03 19:42:57', NULL, '2019-11-03 19:42:57'),
(153, '1v1', 1, 6, 329, 330, '2019-11-03 19:43:05', NULL, '2019-11-03 19:43:05'),
(154, '1v1', 1, 2, 332, 331, '2019-11-03 19:43:10', NULL, '2019-11-03 19:43:10'),
(155, '1v1', 1, 8, 334, 333, '2019-11-03 19:43:17', NULL, '2019-11-03 19:43:17'),
(156, '1v1', 1, 7, 336, 335, '2019-11-03 19:43:23', NULL, '2019-11-03 19:43:23'),
(157, '1v1', 1, 6, 337, 338, '2019-11-03 19:43:28', NULL, '2019-11-03 19:43:28'),
(158, '1v1', 1, 4, 340, 339, '2019-11-03 19:43:34', NULL, '2019-11-03 19:43:34'),
(159, '1v1', 1, 1, 341, 342, '2019-11-03 19:43:39', NULL, '2019-11-03 19:43:39'),
(160, '1v1', 1, 7, 343, 344, '2019-11-03 19:43:45', NULL, '2019-11-03 19:43:45'),
(161, '1v1', 1, 3, 346, 345, '2019-11-03 19:43:51', NULL, '2019-11-03 19:43:51'),
(162, '1v1', 1, 2, 348, 347, '2019-11-03 19:43:55', NULL, '2019-11-03 19:43:55'),
(163, '1v1', 1, 8, 350, 349, '2019-11-03 19:44:01', NULL, '2019-11-03 19:44:01'),
(164, '1v1', 1, 8, 352, 351, '2019-11-03 19:44:08', NULL, '2019-11-03 19:44:08'),
(165, '1v1', 1, 5, 354, 353, '2019-11-03 19:44:13', NULL, '2019-11-03 19:44:13'),
(166, '1v1', 1, 1, 356, 355, '2019-11-03 19:44:18', NULL, '2019-11-03 19:44:18'),
(167, '1v1', 1, 12, 358, 357, '2019-11-03 19:44:25', NULL, '2019-11-03 19:44:25'),
(168, '1v1', 1, 1, 360, 359, '2019-11-03 19:44:30', NULL, '2019-11-03 19:44:30'),
(169, '1v1', 1, 6, 361, 362, '2019-11-03 19:44:39', NULL, '2019-11-03 19:44:39'),
(170, '1v1', 1, 12, 363, 364, '2019-11-03 19:44:47', NULL, '2019-11-03 19:44:47'),
(171, '1v1', 1, 1, 366, 365, '2019-11-03 19:44:52', NULL, '2019-11-03 19:44:52'),
(172, '1v1', 1, 1, 367, 368, '2019-11-03 19:44:57', NULL, '2019-11-03 19:44:57'),
(173, '1v1', 1, 2, 370, 369, '2019-11-03 19:45:03', NULL, '2019-11-03 19:45:03'),
(174, '1v1', 1, 4, 371, 372, '2019-11-03 19:45:11', NULL, '2019-11-03 19:45:11'),
(175, '1v1', 1, 3, 374, 373, '2019-11-03 19:45:17', NULL, '2019-11-03 19:45:17'),
(176, '1v1', 1, 16, 375, 376, '2019-11-03 19:45:26', NULL, '2019-11-03 19:45:26'),
(177, '1v1', 1, 2, 378, 377, '2019-11-03 19:45:32', NULL, '2019-11-03 19:45:32'),
(178, '1v1', 1, 11, 380, 379, '2019-11-03 19:45:42', NULL, '2019-11-03 19:45:42'),
(179, '1v1', 1, 1, 382, 381, '2019-11-03 19:45:46', NULL, '2019-11-03 19:45:46'),
(180, '1v1', 1, 5, 383, 384, '2019-11-03 19:45:52', NULL, '2019-11-03 19:45:52'),
(181, '1v1', 1, 2, 385, 386, '2019-11-03 19:45:57', NULL, '2019-11-03 19:45:57'),
(182, '1v1', 1, 10, 388, 387, '2019-11-03 19:46:03', NULL, '2019-11-03 19:46:03'),
(183, '1v1', 1, 9, 389, 390, '2019-11-03 19:46:10', NULL, '2019-11-03 19:46:10'),
(184, '1v1', 1, 8, 392, 391, '2019-11-03 19:46:17', NULL, '2019-11-03 19:46:17'),
(185, '1v1', 1, 2, 394, 393, '2019-11-03 19:46:26', NULL, '2019-11-03 19:46:26'),
(186, '1v1', 1, 7, 396, 395, '2019-11-03 19:46:33', NULL, '2019-11-03 19:46:33'),
(187, '1v1', 1, 2, 398, 397, '2019-11-03 19:46:39', NULL, '2019-11-03 19:46:39'),
(188, '1v1', 1, 4, 400, 399, '2019-11-03 19:46:45', NULL, '2019-11-03 19:46:45'),
(189, '1v1', 1, 2, 402, 401, '2019-11-03 19:46:50', NULL, '2019-11-03 19:46:50'),
(190, '1v1', 1, 4, 403, 404, '2019-11-03 19:46:56', NULL, '2019-11-03 19:46:56'),
(191, '1v1', 1, 2, 405, 406, '2019-11-03 19:47:02', NULL, '2019-11-03 19:47:02'),
(192, '1v1', 1, 3, 407, 408, '2019-11-03 19:47:08', NULL, '2019-11-03 19:47:08'),
(193, '1v1', 1, 3, 410, 409, '2019-11-03 19:47:14', NULL, '2019-11-03 19:47:14'),
(194, '1v1', 1, 6, 412, 411, '2019-11-03 19:47:21', NULL, '2019-11-03 19:47:21'),
(195, '1v1', 1, 5, 414, 413, '2019-11-03 19:47:26', NULL, '2019-11-03 19:47:26'),
(196, '1v1', 1, 4, 416, 415, '2019-11-03 19:47:32', NULL, '2019-11-03 19:47:32'),
(197, '1v1', 1, 2, 417, 418, '2019-11-03 19:47:39', NULL, '2019-11-03 19:47:39'),
(198, '1v1', 1, 5, 419, 420, '2019-11-03 19:47:46', NULL, '2019-11-03 19:47:46'),
(199, '1v1', 1, 11, 421, 422, '2019-11-03 19:47:53', NULL, '2019-11-03 19:47:53'),
(200, '1v1', 1, 4, 423, 424, '2019-11-03 19:47:59', NULL, '2019-11-03 19:47:59'),
(201, '1v1', 1, 6, 425, 426, '2019-11-03 19:48:04', NULL, '2019-11-03 19:48:04'),
(202, '1v1', 1, 7, 428, 427, '2019-11-03 19:48:11', NULL, '2019-11-03 19:48:11'),
(203, '1v1', 1, 6, 429, 430, '2019-11-03 19:48:17', NULL, '2019-11-03 19:48:17'),
(204, '1v1', 1, 5, 432, 431, '2019-11-03 19:48:23', NULL, '2019-11-03 19:48:23'),
(205, '1v1', 1, 2, 434, 433, '2019-11-03 19:48:28', NULL, '2019-11-03 19:48:28'),
(206, '1v1', 1, 18, 435, 436, '2019-11-03 19:48:38', NULL, '2019-11-03 19:48:38'),
(207, '1v1', 1, 9, 437, 438, '2019-11-03 19:48:48', NULL, '2019-11-03 19:48:48'),
(208, '1v1', 1, 6, 439, 440, '2019-11-03 19:48:55', NULL, '2019-11-03 19:48:55'),
(209, '1v1', 1, 3, 442, 441, '2019-11-03 19:49:02', NULL, '2019-11-03 19:49:02'),
(210, '1v1', 1, 5, 443, 444, '2019-11-03 19:49:08', NULL, '2019-11-03 19:49:08'),
(211, '1v1', 1, 8, 446, 445, '2019-11-03 19:49:16', NULL, '2019-11-03 19:49:16'),
(212, '1v1', 1, 3, 447, 448, '2019-11-03 19:49:21', NULL, '2019-11-03 19:49:21'),
(213, '1v1', 1, 3, 450, 449, '2019-11-03 19:49:26', NULL, '2019-11-03 19:49:26'),
(214, '1v1', 1, 2, 452, 451, '2019-11-03 19:49:31', NULL, '2019-11-03 19:49:31'),
(215, '1v1', 1, 10, 454, 453, '2019-11-03 19:49:37', NULL, '2019-11-03 19:49:37'),
(216, '1v1', 1, 3, 456, 455, '2019-11-03 19:49:42', NULL, '2019-11-03 19:49:42'),
(217, '1v1', 1, 4, 458, 457, '2019-11-03 19:49:49', NULL, '2019-11-03 19:49:49'),
(218, '1v1', 1, 8, 459, 460, '2019-11-03 19:49:56', NULL, '2019-11-03 19:49:56'),
(219, '1v1', 1, 3, 462, 461, '2019-11-03 19:50:01', NULL, '2019-11-03 19:50:01'),
(220, '1v1', 1, 3, 464, 463, '2019-11-03 19:50:06', NULL, '2019-11-03 19:50:06'),
(221, '1v1', 1, 5, 466, 465, '2019-11-03 19:50:12', NULL, '2019-11-03 19:50:12'),
(222, '1v1', 1, 11, 468, 467, '2019-11-03 19:50:18', NULL, '2019-11-03 19:50:18'),
(223, '1v1', 1, 3, 470, 469, '2019-11-03 19:50:24', NULL, '2019-11-03 19:50:24'),
(224, '1v1', 1, 6, 472, 471, '2019-11-03 19:50:29', NULL, '2019-11-03 19:50:29'),
(225, '1v1', 1, 4, 474, 473, '2019-11-03 19:50:35', NULL, '2019-11-03 19:50:35'),
(226, '1v1', 1, 5, 476, 475, '2019-11-03 19:50:41', NULL, '2019-11-03 19:50:41'),
(227, '1v1', 1, 2, 477, 478, '2019-11-03 19:50:46', NULL, '2019-11-03 19:50:46'),
(228, '1v1', 1, 1, 479, 480, '2019-11-03 19:50:51', NULL, '2019-11-03 19:50:51'),
(229, '1v1', 1, 4, 482, 481, '2019-11-03 19:50:56', NULL, '2019-11-03 19:50:56'),
(230, '1v1', 1, 4, 483, 484, '2019-11-03 19:51:02', NULL, '2019-11-03 19:51:02'),
(231, '1v1', 1, 3, 485, 486, '2019-11-03 19:51:07', NULL, '2019-11-03 19:51:07'),
(232, '1v1', 1, 5, 487, 488, '2019-11-03 19:51:14', NULL, '2019-11-03 19:51:14'),
(233, '1v1', 1, 6, 489, 490, '2019-11-03 19:51:20', NULL, '2019-11-03 19:51:20'),
(234, '1v1', 1, 6, 492, 491, '2019-11-03 19:51:30', NULL, '2019-11-03 19:51:30'),
(235, '1v1', 1, 9, 493, 494, '2019-11-03 19:51:40', NULL, '2019-11-03 19:51:40'),
(236, '1v1', 1, 5, 495, 496, '2019-11-03 19:51:47', NULL, '2019-11-03 19:51:47'),
(237, '1v1', 1, 18, 497, 498, '2019-11-03 19:52:00', NULL, '2019-11-03 19:52:00'),
(238, '1v1', 1, 6, 499, 500, '2019-11-03 19:52:08', NULL, '2019-11-03 19:52:08'),
(239, '1v1', 1, 2, 502, 501, '2019-11-03 19:52:13', NULL, '2019-11-03 19:52:13'),
(240, '1v1', 1, 4, 504, 503, '2019-11-03 19:52:18', NULL, '2019-11-03 19:52:18'),
(241, '1v1', 1, 3, 505, 506, '2019-11-03 19:52:25', NULL, '2019-11-03 19:52:25'),
(242, '1v1', 1, 3, 507, 508, '2019-11-03 19:52:31', NULL, '2019-11-03 19:52:31'),
(243, '1v1', 1, 1, 510, 509, '2019-11-03 19:52:37', NULL, '2019-11-03 19:52:37'),
(244, '1v1', 1, 17, 512, 511, '2019-11-03 19:52:49', NULL, '2019-11-03 19:52:49'),
(245, '1v1', 1, 7, 513, 514, '2019-11-03 19:52:56', NULL, '2019-11-03 19:52:56'),
(246, '1v1', 1, 2, 516, 515, '2019-11-03 19:53:02', NULL, '2019-11-03 19:53:02'),
(247, '1v1', 1, 1, 518, 517, '2019-11-03 19:53:08', NULL, '2019-11-03 19:53:08'),
(248, '1v1', 1, 5, 520, 519, '2019-11-03 19:53:16', NULL, '2019-11-03 19:53:16'),
(249, '1v1', 1, 5, 522, 521, '2019-11-03 19:53:24', NULL, '2019-11-03 19:53:24'),
(250, '1v1', 1, 5, 524, 523, '2019-11-03 19:53:31', NULL, '2019-11-03 19:53:31');

-- --------------------------------------------------------

--
-- Structure de la table `compteAdmin`
--

CREATE TABLE `compteAdmin` (
  `id` int(11) NOT NULL,
  `login` varchar(256) NOT NULL,
  `mdp` varchar(256) NOT NULL,
  `created_at` timestamp NOT NULL DEFAULT CURRENT_TIMESTAMP ON UPDATE CURRENT_TIMESTAMP,
  `updated_at` timestamp NULL DEFAULT NULL,
  `deleted_at` timestamp NULL DEFAULT NULL,
  `super` int(1) NOT NULL
) ENGINE=InnoDB DEFAULT CHARSET=latin1;

--
-- Contenu de la table `compteAdmin`
--

INSERT INTO `compteAdmin` (`id`, `login`, `mdp`, `created_at`, `updated_at`, `deleted_at`, `super`) VALUES
(1, 'root', '$2y$10$ZdhF63uUHeYsutMaDRv4VeIlw0b2B/i2Fa8c5Igzvk7QByZOOq6tG', '2019-10-14 18:33:02', NULL, NULL, 1),
(2, 'admin', '$2y$10$/tOr21XdRhhMek8T6xD/9eLMPsyxrjpXn8AmPmvQ1nUx4LkphuJ9a', '2019-10-14 18:33:30', '2019-10-14 18:33:30', NULL, 0),
(3, 'blabla', '$2y$10$1gse1/FXVkCxiMuyIAadUe48FsIq4pTG4PTOagCePxazBgVVrF01q', '2019-10-29 17:59:16', '2019-10-29 17:59:16', '2019-10-29 17:59:16', 0),
(4, 'blabla', '$2y$10$01QwiiO3Yg1QsBevJ4HMh.K2qPNwJKqeyM6VKVZJhshgJEb0BFqUe', '2019-10-29 18:01:32', '2019-10-29 18:01:32', '2019-10-29 18:01:32', 0);

-- --------------------------------------------------------

--
-- Structure de la table `entite`
--

CREATE TABLE `entite` (
  `id` int(11) NOT NULL,
  `type` varchar(255) NOT NULL,
  `nom` varchar(255) NOT NULL,
  `prenom` varchar(255) NOT NULL,
  `taille` int(11) NOT NULL,
  `pointVie` int(11) NOT NULL,
  `pointAtt` int(11) NOT NULL,
  `pointDef` int(11) NOT NULL,
  `pointAgi` int(11) NOT NULL,
  `photo` varchar(255) DEFAULT NULL,
  `created_at` timestamp NOT NULL DEFAULT CURRENT_TIMESTAMP,
  `updated_at` timestamp NULL DEFAULT NULL,
  `deleted_at` timestamp NULL DEFAULT NULL,
  `poids` int(11) NOT NULL,
  `combatGagne` int(11) DEFAULT '0',
  `combatPerdu` int(11) DEFAULT '0',
  `totalDegatInflige` int(11) NOT NULL DEFAULT '0',
  `totalDegatRecu` int(11) NOT NULL DEFAULT '0'
) ENGINE=InnoDB DEFAULT CHARSET=latin1;

--
-- Contenu de la table `entite`
--

INSERT INTO `entite` (`id`, `type`, `nom`, `prenom`, `taille`, `pointVie`, `pointAtt`, `pointDef`, `pointAgi`, `photo`, `created_at`, `updated_at`, `deleted_at`, `poids`, `combatGagne`, `combatPerdu`, `totalDegatInflige`, `totalDegatRecu`) VALUES
(1, 'personnage', 'Bros', 'Mario', 150, 100, 30, 60, 100, '313537323831313738399d9586d0ff785a37.png', '2019-11-02 21:49:54', '2019-11-03 20:09:49', NULL, 60, 14, 15, 2313, 2525),
(2, 'personnage', 'Bros', 'Luigi', 160, 90, 30, 70, 80, '3135373238313138323172f883e812a31d4a.png', '2019-11-02 21:51:03', '2019-11-03 20:10:21', NULL, 60, 8, 17, 1671, 2727),
(3, 'personnage', 'Capitaine', 'Falcon', 180, 70, 80, 50, 90, '31353732383131383632a74eb03eff0804f5.png', '2019-11-02 21:52:10', '2019-11-03 20:11:02', NULL, 80, 21, 18, 5120, 2554),
(4, 'personnage', 'Mac', 'Little', 190, 140, 30, 80, 120, '31353732383131383839ab4ef1df3888d240.png', '2019-11-02 21:52:48', '2019-11-03 20:11:29', NULL, 110, 11, 11, 1977, 2603),
(5, 'personnage', 'Daisy', 'princesse', 170, 60, 15, 40, 80, '313537323831323030399b673c30d61dbc39.png', '2019-11-02 21:53:35', '2019-11-03 20:13:29', NULL, 50, 5, 25, 1105, 2502),
(6, 'personnage', 'Peach', 'princesse', 170, 50, 15, 45, 90, '313537323831323032303d4b561a6d73ba27.png', '2019-11-02 21:54:12', '2019-11-03 20:13:40', NULL, 45, 0, 19, 208, 1696),
(7, 'personnage', 'man', 'pac', 80, 140, 20, 150, 150, '3135373238313230343862ccbca30367da2e.png', '2019-11-02 21:54:57', '2019-11-03 20:14:08', NULL, 9999, 10, 20, 2054, 4435),
(8, 'personnage', 'pit', 'ange', 175, 130, 45, 65, 170, '31353732383132303739d927dfabb6e549e8.png', '2019-11-02 21:55:56', '2019-11-03 20:14:39', NULL, 30, 11, 12, 2296, 3086),
(9, 'personnage', 'Zelda', 'princesse', 169, 80, 25, 60, 70, '313537323831323236377428a5487e10600f.gif', '2019-11-02 21:56:30', '2019-11-03 20:17:47', NULL, 69, 3, 16, 703, 2015),
(10, 'personnage', 'vert', 'Link', 150, 150, 50, 80, 100, '31353732383132313732a0c5481f9f951304.png', '2019-11-02 21:57:07', '2019-11-03 20:16:12', NULL, 60, 13, 13, 3185, 3163),
(11, 'monstre', 'Le gros', 'Bowser', 230, 200, 70, 200, 50, '31353732383132323937ad6ff30b6f8d8858.png', '2019-11-02 21:57:46', '2019-11-03 20:18:17', NULL, 400, 26, 3, 3745, 1986),
(12, 'monstre', 'Junior', 'bowser', 80, 120, 30, 80, 100, '313537323831323334379cbf4fa54060442e.png', '2019-11-02 21:58:12', '2019-11-03 20:19:07', NULL, 40, 16, 13, 2298, 2474),
(13, 'monstre', 'Knight', 'meta', 30, 50, 70, 30, 150, '31353732383132333934587f0484d99437b4.png', '2019-11-02 21:58:47', '2019-11-03 20:19:54', NULL, 50, 9, 15, 1869, 1009),
(14, 'monstre', 'dadidou ', 'roi', 100, 50, 200, 100, 30, '31353732383132343238856b7aec82d1566f.png', '2019-11-02 21:59:25', '2019-11-03 20:20:28', NULL, 200, 18, 6, 4040, 626),
(15, 'monstre', 'didi', 'kong', 80, 70, 25, 30, 200, '313537323831323438322af34d28db3ce99b.png', '2019-11-02 21:59:54', '2019-11-03 20:21:22', NULL, 40, 8, 19, 1674, 1930),
(16, 'monstre', 'Donkey', 'kong', 200, 300, 60, 100, 70, '313537323831323439336f71cd4904ea4c98.png', '2019-11-02 22:00:23', '2019-11-03 20:21:33', NULL, 300, 27, 1, 3570, 2156),
(17, 'monstre', 'le gros', 'chef cuisto', 150, 200, 70, 90, 60, '313537323831323539377ab209934a6300d8.png', '2019-11-02 22:01:20', '2019-11-03 20:23:17', NULL, 200, 27, 1, 4221, 1625),
(18, 'monstre', 'le maigre', 'waluigi', 190, 90, 20, 40, 150, '3135373238313236303898aec3cc3b10c501.png', '2019-11-02 22:01:45', '2019-11-03 20:23:28', NULL, 60, 7, 26, 1754, 2870),
(19, 'monstre', 'l\'apirateur', 'kirby', 30, 250, 10, 100, 80, '31353732383132363138dcc0f36d538dc6ae.png', '2019-11-02 22:02:24', '2019-11-03 20:23:38', NULL, 9999, 5, 12, 991, 3994),
(20, 'monstre', 'ganon', 'gano', 300, 400, 60, 100, 60, '31353732383132363331d19473c9b2e2b815.png', '2019-11-02 22:03:10', '2019-11-03 20:23:51', NULL, 150, 23, 0, 3144, 1962);

-- --------------------------------------------------------

--
-- Structure de la table `participant`
--

CREATE TABLE `participant` (
  `id` int(11) NOT NULL,
  `combat_id` int(11) NOT NULL,
  `entite_id` int(11) NOT NULL,
  `pointVie` int(11) NOT NULL,
  `nbAttaqueInflige` int(11) DEFAULT '0',
  `nbAttaqueRecu` int(11) DEFAULT '0',
  `degatInflige` int(11) DEFAULT '0',
  `degatRecu` int(11) DEFAULT '0',
  `defensif` tinyint(1) NOT NULL DEFAULT '0',
  `gagner` tinyint(1) DEFAULT '0',
  `created_at` timestamp NOT NULL DEFAULT CURRENT_TIMESTAMP ON UPDATE CURRENT_TIMESTAMP,
  `deleted_at` timestamp NULL DEFAULT NULL,
  `updated_at` timestamp NULL DEFAULT NULL
) ENGINE=InnoDB DEFAULT CHARSET=latin1;

--
-- Contenu de la table `participant`
--

INSERT INTO `participant` (`id`, `combat_id`, `entite_id`, `pointVie`, `nbAttaqueInflige`, `nbAttaqueRecu`, `degatInflige`, `degatRecu`, `defensif`, `gagner`, `created_at`, `deleted_at`, `updated_at`) VALUES
(1, 1, 1, -38, 3, 2, 78, 138, 0, 0, '2019-11-02 22:10:13', NULL, '2019-11-02 22:10:13'),
(2, 1, 16, 222, 2, 3, 138, 78, 0, 1, '2019-11-02 22:10:13', NULL, '2019-11-02 22:10:13'),
(3, 2, 1, -41, 1, 3, 30, 141, 0, 0, '2019-11-02 22:24:23', NULL, '2019-11-02 22:24:23'),
(4, 2, 2, -39, 2, 3, 66, 129, 0, 0, '2019-11-02 22:24:20', NULL, '2019-11-02 22:24:20'),
(5, 2, 6, -20, 0, 1, 0, 70, 0, 0, '2019-11-02 22:24:14', NULL, '2019-11-02 22:24:14'),
(6, 2, 11, 170, 2, 1, 154, 30, 0, 1, '2019-11-02 22:24:23', NULL, '2019-11-02 22:24:23'),
(7, 2, 12, 120, 4, 0, 120, 0, 0, 0, '2019-11-02 22:24:22', NULL, '2019-11-02 22:24:22'),
(8, 2, 16, 234, 1, 2, 66, 66, 0, 0, '2019-11-02 22:24:21', NULL, '2019-11-02 22:24:21'),
(9, 3, 1, 100, 4, 0, 120, 0, 0, 1, '2019-11-03 19:23:57', NULL, '2019-11-03 19:23:57'),
(10, 3, 4, 63, 3, 1, 93, 77, 0, 1, '2019-11-03 19:23:57', NULL, '2019-11-03 19:23:57'),
(11, 3, 8, -193, 3, 4, 135, 323, 0, 1, '2019-11-03 19:23:57', NULL, '2019-11-03 19:23:57'),
(12, 3, 11, -1, 2, 6, 147, 201, 0, 0, '2019-11-03 19:23:57', NULL, '2019-11-03 19:23:57'),
(13, 3, 14, -19, 1, 2, 200, 69, 0, 0, '2019-11-03 19:23:57', NULL, '2019-11-03 19:23:57'),
(14, 3, 15, -8, 2, 2, 53, 78, 0, 0, '2019-11-03 19:23:56', NULL, '2019-11-03 19:23:56'),
(15, 4, 7, -4, 1, 2, 24, 144, 0, 0, '2019-11-03 19:24:21', NULL, '2019-11-03 19:24:21'),
(16, 4, 20, 376, 2, 1, 144, 24, 0, 1, '2019-11-03 19:24:21', NULL, '2019-11-03 19:24:21'),
(17, 5, 4, -16, 1, 3, 24, 156, 0, 0, '2019-11-03 19:24:30', NULL, '2019-11-03 19:24:30'),
(18, 5, 16, 276, 3, 1, 156, 24, 0, 1, '2019-11-03 19:24:30', NULL, '2019-11-03 19:24:30'),
(19, 6, 6, -34, 0, 1, 0, 84, 0, 0, '2019-11-03 19:24:38', NULL, '2019-11-03 19:24:38'),
(20, 6, 17, 200, 1, 0, 84, 0, 0, 1, '2019-11-03 19:24:38', NULL, '2019-11-03 19:24:38'),
(21, 7, 6, -170, 2, 1, 30, 220, 0, 0, '2019-11-03 19:24:48', NULL, '2019-11-03 19:24:48'),
(22, 7, 14, 20, 1, 2, 220, 30, 0, 1, '2019-11-03 19:24:48', NULL, '2019-11-03 19:24:48'),
(23, 8, 4, -7, 0, 2, 0, 147, 0, 0, '2019-11-03 19:24:58', NULL, '2019-11-03 19:24:58'),
(24, 8, 13, 50, 2, 0, 147, 0, 0, 1, '2019-11-03 19:24:58', NULL, '2019-11-03 19:24:58'),
(25, 9, 2, 50, 4, 2, 123, 40, 0, 1, '2019-11-03 19:25:10', NULL, '2019-11-03 19:25:10'),
(26, 9, 18, -33, 2, 4, 40, 123, 0, 0, '2019-11-03 19:25:10', NULL, '2019-11-03 19:25:10'),
(27, 10, 8, -52, 2, 3, 95, 182, 0, 0, '2019-11-03 19:25:18', NULL, '2019-11-03 19:25:18'),
(28, 10, 11, 105, 3, 2, 182, 95, 0, 1, '2019-11-03 19:25:18', NULL, '2019-11-03 19:25:18'),
(29, 11, 3, 0, 1, 1, 0, 70, 0, 1, '2019-11-03 19:25:28', NULL, '2019-11-03 19:25:28'),
(30, 11, 8, -82, 1, 4, 50, 212, 0, 1, '2019-11-03 19:25:28', NULL, '2019-11-03 19:25:28'),
(31, 11, 10, 47, 8, 2, 345, 103, 0, 1, '2019-11-03 19:25:28', NULL, '2019-11-03 19:25:28'),
(32, 11, 12, -25, 3, 5, 84, 145, 0, 0, '2019-11-03 19:25:28', NULL, '2019-11-03 19:25:28'),
(33, 11, 13, 0, 0, 1, 0, 50, 0, 0, '2019-11-03 19:25:26', NULL, '2019-11-03 19:25:26'),
(34, 11, 17, 0, 4, 4, 301, 200, 0, 0, '2019-11-03 19:25:28', NULL, '2019-11-03 19:25:28'),
(35, 12, 5, -17, 0, 1, 0, 77, 0, 0, '2019-11-03 19:25:36', NULL, '2019-11-03 19:25:36'),
(36, 12, 17, 200, 1, 0, 77, 0, 0, 1, '2019-11-03 19:25:36', NULL, '2019-11-03 19:25:36'),
(37, 13, 2, -4, 0, 4, 0, 94, 0, 0, '2019-11-03 19:25:43', NULL, '2019-11-03 19:25:43'),
(38, 13, 15, 70, 4, 0, 94, 0, 0, 1, '2019-11-03 19:25:43', NULL, '2019-11-03 19:25:43'),
(39, 14, 9, -39, 0, 2, 0, 119, 0, 0, '2019-11-03 19:25:50', NULL, '2019-11-03 19:25:50'),
(40, 14, 11, 200, 2, 0, 119, 0, 0, 1, '2019-11-03 19:25:50', NULL, '2019-11-03 19:25:50'),
(41, 15, 1, -8, 1, 2, 24, 108, 0, 0, '2019-11-03 19:25:58', NULL, '2019-11-03 19:25:58'),
(42, 15, 16, 276, 2, 1, 108, 24, 0, 1, '2019-11-03 19:25:58', NULL, '2019-11-03 19:25:58'),
(43, 16, 4, 34, 3, 6, 90, 106, 0, 1, '2019-11-03 19:26:09', NULL, '2019-11-03 19:26:09'),
(44, 16, 18, 0, 6, 3, 106, 90, 0, 0, '2019-11-03 19:26:09', NULL, '2019-11-03 19:26:09'),
(45, 17, 8, -50, 3, 3, 149, 180, 0, 0, '2019-11-03 19:26:18', NULL, '2019-11-03 19:26:18'),
(46, 17, 16, 151, 3, 3, 180, 149, 0, 1, '2019-11-03 19:26:18', NULL, '2019-11-03 19:26:18'),
(47, 18, 2, 30, 3, 4, 90, 60, 0, 1, '2019-11-03 19:26:27', NULL, '2019-11-03 19:26:27'),
(48, 18, 18, 0, 4, 3, 60, 90, 0, 0, '2019-11-03 19:26:27', NULL, '2019-11-03 19:26:27'),
(49, 19, 5, -180, 1, 1, 18, 240, 0, 0, '2019-11-03 19:26:33', NULL, '2019-11-03 19:26:33'),
(50, 19, 14, 32, 1, 1, 240, 18, 0, 1, '2019-11-03 19:26:33', NULL, '2019-11-03 19:26:33'),
(51, 20, 2, -24, 3, 2, 96, 114, 0, 0, '2019-11-03 19:26:44', NULL, '2019-11-03 19:26:44'),
(52, 20, 3, -36, 2, 4, 192, 106, 0, 0, '2019-11-03 19:26:45', NULL, '2019-11-03 19:26:45'),
(53, 20, 8, -9, 1, 4, 41, 139, 0, 0, '2019-11-03 19:26:45', NULL, '2019-11-03 19:26:45'),
(54, 20, 11, 126, 3, 2, 245, 74, 0, 1, '2019-11-03 19:26:45', NULL, '2019-11-03 19:26:45'),
(55, 20, 15, 7, 3, 2, 81, 63, 0, 1, '2019-11-03 19:26:45', NULL, '2019-11-03 19:26:45'),
(56, 20, 19, 58, 4, 2, 33, 192, 0, 1, '2019-11-03 19:26:45', NULL, '2019-11-03 19:26:45'),
(57, 21, 7, -11, 3, 6, 48, 151, 0, 0, '2019-11-03 19:26:55', NULL, '2019-11-03 19:26:55'),
(58, 21, 15, 22, 6, 3, 151, 48, 0, 1, '2019-11-03 19:26:55', NULL, '2019-11-03 19:26:55'),
(59, 22, 9, 80, 3, 0, 68, 0, 0, 1, '2019-11-03 19:27:01', NULL, '2019-11-03 19:27:01'),
(60, 22, 14, -18, 0, 3, 0, 68, 0, 0, '2019-11-03 19:27:01', NULL, '2019-11-03 19:27:01'),
(61, 23, 7, 72, 4, 3, 82, 68, 0, 1, '2019-11-03 19:27:09', NULL, '2019-11-03 19:27:09'),
(62, 23, 15, -12, 3, 4, 68, 82, 0, 0, '2019-11-03 19:27:09', NULL, '2019-11-03 19:27:09'),
(63, 24, 10, 73, 1, 1, 55, 77, 0, 1, '2019-11-03 19:27:16', NULL, '2019-11-03 19:27:16'),
(64, 24, 13, -5, 1, 1, 77, 55, 0, 0, '2019-11-03 19:27:16', NULL, '2019-11-03 19:27:16'),
(65, 25, 2, 90, 2, 0, 57, 0, 0, 1, '2019-11-03 19:27:24', NULL, '2019-11-03 19:27:24'),
(66, 25, 13, -7, 0, 2, 0, 57, 0, 0, '2019-11-03 19:27:24', NULL, '2019-11-03 19:27:24'),
(67, 26, 3, -62, 2, 2, 152, 132, 0, 0, '2019-11-03 19:27:31', NULL, '2019-11-03 19:27:31'),
(68, 26, 16, 148, 2, 2, 132, 152, 0, 1, '2019-11-03 19:27:31', NULL, '2019-11-03 19:27:31'),
(69, 27, 4, 46, 10, 9, 255, 94, 0, 1, '2019-11-03 19:27:41', NULL, '2019-11-03 19:27:41'),
(70, 27, 19, -5, 9, 10, 94, 255, 0, 0, '2019-11-03 19:27:41', NULL, '2019-11-03 19:27:41'),
(71, 28, 10, -54, 4, 3, 215, 204, 0, 0, '2019-11-03 19:27:50', NULL, '2019-11-03 19:27:50'),
(72, 28, 20, 185, 3, 4, 204, 215, 0, 1, '2019-11-03 19:27:50', NULL, '2019-11-03 19:27:50'),
(73, 29, 10, -24, 0, 3, 0, 174, 0, 0, '2019-11-03 19:27:57', NULL, '2019-11-03 19:27:57'),
(74, 29, 20, 400, 3, 0, 174, 0, 0, 1, '2019-11-03 19:27:57', NULL, '2019-11-03 19:27:57'),
(75, 30, 9, -39, 1, 2, 25, 119, 0, 0, '2019-11-03 19:28:03', NULL, '2019-11-03 19:28:03'),
(76, 30, 13, 25, 2, 1, 119, 25, 0, 1, '2019-11-03 19:28:03', NULL, '2019-11-03 19:28:03'),
(77, 31, 4, -14, 1, 2, 33, 154, 0, 0, '2019-11-03 19:28:26', NULL, '2019-11-03 19:28:26'),
(78, 31, 11, 167, 2, 1, 154, 33, 0, 1, '2019-11-03 19:28:26', NULL, '2019-11-03 19:28:26'),
(79, 32, 10, 62, 2, 3, 80, 88, 0, 1, '2019-11-03 19:28:35', NULL, '2019-11-03 19:28:35'),
(80, 32, 15, -10, 3, 2, 88, 80, 0, 0, '2019-11-03 19:28:35', NULL, '2019-11-03 19:28:35'),
(81, 33, 10, -32, 3, 3, 135, 182, 0, 0, '2019-11-03 19:28:54', NULL, '2019-11-03 19:28:54'),
(82, 33, 17, 65, 3, 3, 182, 135, 0, 1, '2019-11-03 19:28:54', NULL, '2019-11-03 19:28:54'),
(83, 34, 7, 57, 4, 3, 84, 83, 0, 1, '2019-11-03 19:29:02', NULL, '2019-11-03 19:29:02'),
(84, 34, 15, -14, 3, 4, 83, 84, 0, 0, '2019-11-03 19:29:02', NULL, '2019-11-03 19:29:02'),
(85, 35, 4, -28, 1, 2, 36, 168, 0, 0, '2019-11-03 19:29:10', NULL, '2019-11-03 19:29:10'),
(86, 35, 17, 164, 2, 1, 168, 36, 0, 1, '2019-11-03 19:29:10', NULL, '2019-11-03 19:29:10'),
(87, 36, 1, 100, 4, 0, 96, 0, 0, 1, '2019-11-03 19:29:18', NULL, '2019-11-03 19:29:18'),
(88, 36, 18, -6, 0, 4, 0, 96, 0, 0, '2019-11-03 19:29:18', NULL, '2019-11-03 19:29:18'),
(89, 37, 7, 59, 4, 3, 78, 81, 0, 1, '2019-11-03 19:29:25', NULL, '2019-11-03 19:29:25'),
(90, 37, 15, -8, 3, 4, 81, 78, 0, 0, '2019-11-03 19:29:25', NULL, '2019-11-03 19:29:25'),
(91, 38, 7, 84, 3, 1, 56, 56, 0, 1, '2019-11-03 19:29:34', NULL, '2019-11-03 19:29:34'),
(92, 38, 13, -6, 1, 3, 56, 56, 0, 0, '2019-11-03 19:29:34', NULL, '2019-11-03 19:29:34'),
(93, 39, 9, -34, 1, 2, 30, 114, 0, 0, '2019-11-03 19:29:41', NULL, '2019-11-03 19:29:41'),
(94, 39, 20, 370, 2, 1, 114, 30, 0, 1, '2019-11-03 19:29:41', NULL, '2019-11-03 19:29:41'),
(95, 40, 8, -32, 4, 3, 153, 162, 0, 0, '2019-11-03 19:29:50', NULL, '2019-11-03 19:29:50'),
(96, 40, 16, 147, 3, 4, 162, 153, 0, 1, '2019-11-03 19:29:50', NULL, '2019-11-03 19:29:50'),
(97, 41, 1, -26, 0, 2, 0, 126, 0, 0, '2019-11-03 19:30:01', NULL, '2019-11-03 19:30:01'),
(98, 41, 6, -20, 1, 1, 18, 70, 0, 0, '2019-11-03 19:30:01', NULL, '2019-11-03 19:30:01'),
(99, 41, 8, -80, 1, 4, 45, 210, 0, 0, '2019-11-03 19:30:01', NULL, '2019-11-03 19:30:01'),
(100, 41, 11, 200, 3, 0, 154, 0, 0, 1, '2019-11-03 19:30:01', NULL, '2019-11-03 19:30:01'),
(101, 41, 14, -13, 0, 2, 0, 63, 0, 1, '2019-11-03 19:30:01', NULL, '2019-11-03 19:30:01'),
(102, 41, 16, 300, 4, 0, 252, 0, 0, 1, '2019-11-03 19:30:01', NULL, '2019-11-03 19:30:01'),
(103, 42, 1, -6, 8, 11, 207, 106, 0, 0, '2019-11-03 19:30:12', NULL, '2019-11-03 19:30:12'),
(104, 42, 19, 43, 11, 8, 106, 207, 0, 1, '2019-11-03 19:30:12', NULL, '2019-11-03 19:30:12'),
(105, 43, 3, 50, 3, 1, 160, 20, 0, 1, '2019-11-03 19:30:20', NULL, '2019-11-03 19:30:20'),
(106, 43, 15, -90, 1, 3, 20, 160, 0, 0, '2019-11-03 19:30:20', NULL, '2019-11-03 19:30:20'),
(107, 44, 7, -70, 5, 3, 100, 210, 0, 0, '2019-11-03 19:30:28', NULL, '2019-11-03 19:30:28'),
(108, 44, 17, 100, 3, 5, 210, 100, 0, 1, '2019-11-03 19:30:28', NULL, '2019-11-03 19:30:28'),
(109, 45, 7, -56, 3, 4, 66, 196, 0, 0, '2019-11-03 19:30:35', NULL, '2019-11-03 19:30:35'),
(110, 45, 17, 134, 4, 3, 196, 66, 0, 1, '2019-11-03 19:30:35', NULL, '2019-11-03 19:30:35'),
(111, 46, 8, -10, 0, 2, 0, 140, 0, 0, '2019-11-03 19:30:42', NULL, '2019-11-03 19:30:42'),
(112, 46, 17, 200, 2, 0, 140, 0, 0, 1, '2019-11-03 19:30:42', NULL, '2019-11-03 19:30:42'),
(113, 47, 3, 70, 2, 0, 72, 0, 0, 1, '2019-11-03 19:30:48', NULL, '2019-11-03 19:30:48'),
(114, 47, 15, -2, 0, 2, 0, 72, 0, 0, '2019-11-03 19:30:48', NULL, '2019-11-03 19:30:48'),
(115, 48, 1, 64, 3, 2, 99, 36, 0, 1, '2019-11-03 19:30:55', NULL, '2019-11-03 19:30:55'),
(116, 48, 18, -9, 2, 3, 36, 99, 0, 0, '2019-11-03 19:30:55', NULL, '2019-11-03 19:30:55'),
(117, 49, 3, 70, 1, 0, 64, 0, 0, 1, '2019-11-03 19:31:02', NULL, '2019-11-03 19:31:02'),
(118, 49, 13, -14, 0, 1, 0, 64, 0, 0, '2019-11-03 19:31:02', NULL, '2019-11-03 19:31:02'),
(119, 50, 6, -130, 1, 1, 18, 180, 0, 0, '2019-11-03 19:31:15', NULL, '2019-11-03 19:31:15'),
(120, 50, 7, -76, 3, 2, 64, 216, 0, 0, '2019-11-03 19:31:16', NULL, '2019-11-03 19:31:16'),
(121, 50, 8, -70, 1, 1, 50, 200, 0, 0, '2019-11-03 19:31:15', NULL, '2019-11-03 19:31:15'),
(122, 50, 11, 106, 1, 3, 56, 94, 0, 1, '2019-11-03 19:31:15', NULL, '2019-11-03 19:31:15'),
(123, 50, 14, 30, 3, 1, 540, 20, 0, 1, '2019-11-03 19:31:15', NULL, '2019-11-03 19:31:15'),
(124, 50, 18, 72, 0, 1, 0, 18, 0, 1, '2019-11-03 19:31:15', NULL, '2019-11-03 19:31:15'),
(125, 51, 7, -19, 5, 7, 86, 159, 0, 0, '2019-11-03 19:31:25', NULL, '2019-11-03 19:31:25'),
(126, 51, 12, 34, 7, 5, 159, 86, 0, 1, '2019-11-03 19:31:25', NULL, '2019-11-03 19:31:25'),
(127, 52, 5, 0, 1, 2, 14, 60, 0, 0, '2019-11-03 19:31:34', NULL, '2019-11-03 19:31:34'),
(128, 52, 12, 106, 2, 1, 60, 14, 0, 1, '2019-11-03 19:31:34', NULL, '2019-11-03 19:31:34'),
(129, 53, 7, -70, 1, 3, 18, 210, 0, 0, '2019-11-03 19:31:43', NULL, '2019-11-03 19:31:43'),
(130, 53, 17, 182, 3, 1, 210, 18, 0, 1, '2019-11-03 19:31:43', NULL, '2019-11-03 19:31:43'),
(131, 54, 10, 114, 3, 1, 150, 36, 0, 1, '2019-11-03 19:31:52', NULL, '2019-11-03 19:31:52'),
(132, 54, 12, -30, 1, 3, 36, 150, 0, 0, '2019-11-03 19:31:52', NULL, '2019-11-03 19:31:52'),
(133, 55, 7, 86, 5, 3, 96, 54, 0, 1, '2019-11-03 19:32:02', NULL, '2019-11-03 19:32:02'),
(134, 55, 18, -6, 3, 5, 54, 96, 0, 0, '2019-11-03 19:32:02', NULL, '2019-11-03 19:32:02'),
(135, 56, 9, -46, 0, 2, 0, 126, 0, 0, '2019-11-03 19:32:09', NULL, '2019-11-03 19:32:09'),
(136, 56, 20, 400, 2, 0, 126, 0, 0, 1, '2019-11-03 19:32:09', NULL, '2019-11-03 19:32:09'),
(137, 57, 3, -62, 3, 2, 232, 132, 0, 0, '2019-11-03 19:32:16', NULL, '2019-11-03 19:32:16'),
(138, 57, 16, 68, 2, 3, 132, 232, 0, 1, '2019-11-03 19:32:16', NULL, '2019-11-03 19:32:16'),
(139, 58, 10, 10, 4, 2, 200, 140, 0, 1, '2019-11-03 19:32:25', NULL, '2019-11-03 19:32:25'),
(140, 58, 11, 0, 2, 4, 140, 200, 0, 0, '2019-11-03 19:32:25', NULL, '2019-11-03 19:32:25'),
(141, 59, 5, -160, 0, 1, 0, 220, 0, 0, '2019-11-03 19:32:31', NULL, '2019-11-03 19:32:31'),
(142, 59, 14, 50, 1, 0, 220, 0, 0, 1, '2019-11-03 19:32:31', NULL, '2019-11-03 19:32:31'),
(143, 60, 2, -150, 1, 1, 30, 240, 0, 0, '2019-11-03 19:32:39', NULL, '2019-11-03 19:32:39'),
(144, 60, 14, 20, 1, 1, 240, 30, 0, 1, '2019-11-03 19:32:39', NULL, '2019-11-03 19:32:39'),
(145, 61, 3, -56, 0, 2, 0, 126, 0, 0, '2019-11-03 19:32:47', NULL, '2019-11-03 19:32:47'),
(146, 61, 17, 200, 2, 0, 126, 0, 0, 1, '2019-11-03 19:32:47', NULL, '2019-11-03 19:32:47'),
(147, 62, 7, -7, 0, 2, 0, 147, 0, 0, '2019-11-03 19:32:56', NULL, '2019-11-03 19:32:56'),
(148, 62, 13, 50, 2, 0, 147, 0, 0, 1, '2019-11-03 19:32:56', NULL, '2019-11-03 19:32:56'),
(149, 63, 4, -28, 0, 3, 0, 168, 0, 0, '2019-11-03 19:33:03', NULL, '2019-11-03 19:33:03'),
(150, 63, 16, 300, 3, 0, 168, 0, 0, 1, '2019-11-03 19:33:03', NULL, '2019-11-03 19:33:03'),
(151, 64, 6, -130, 0, 1, 0, 180, 0, 0, '2019-11-03 19:33:10', NULL, '2019-11-03 19:33:10'),
(152, 64, 14, 50, 1, 0, 180, 0, 0, 1, '2019-11-03 19:33:10', NULL, '2019-11-03 19:33:10'),
(153, 65, 10, 150, 1, 0, 50, 0, 0, 1, '2019-11-03 19:33:21', NULL, '2019-11-03 19:33:21'),
(154, 65, 14, 0, 0, 1, 0, 50, 0, 0, '2019-11-03 19:33:21', NULL, '2019-11-03 19:33:21'),
(155, 66, 6, -58, 1, 2, 17, 108, 0, 0, '2019-11-03 19:33:42', NULL, '2019-11-03 19:33:42'),
(156, 66, 16, 283, 2, 1, 108, 17, 0, 1, '2019-11-03 19:33:42', NULL, '2019-11-03 19:33:42'),
(157, 67, 5, -20, 2, 4, 27, 80, 0, 0, '2019-11-03 19:33:52', NULL, '2019-11-03 19:33:52'),
(158, 67, 18, 63, 4, 2, 80, 27, 0, 1, '2019-11-03 19:33:52', NULL, '2019-11-03 19:33:52'),
(159, 68, 7, -20, 1, 1, 18, 160, 0, 0, '2019-11-03 19:34:00', NULL, '2019-11-03 19:34:00'),
(160, 68, 14, 32, 1, 1, 160, 18, 0, 1, '2019-11-03 19:33:59', NULL, '2019-11-03 19:33:59'),
(161, 69, 2, -18, 1, 2, 33, 108, 0, 0, '2019-11-03 19:34:08', NULL, '2019-11-03 19:34:08'),
(162, 69, 20, 367, 2, 1, 108, 33, 0, 1, '2019-11-03 19:34:08', NULL, '2019-11-03 19:34:08'),
(163, 70, 3, -20, 2, 3, 64, 90, 0, 0, '2019-11-03 19:34:15', NULL, '2019-11-03 19:34:15'),
(164, 70, 15, 6, 3, 2, 90, 64, 0, 1, '2019-11-03 19:34:15', NULL, '2019-11-03 19:34:15'),
(165, 71, 9, -39, 0, 2, 0, 119, 0, 0, '2019-11-03 19:34:20', NULL, '2019-11-03 19:34:20'),
(166, 71, 17, 200, 2, 0, 119, 0, 0, 1, '2019-11-03 19:34:20', NULL, '2019-11-03 19:34:20'),
(167, 72, 3, 24, 2, 2, 176, 46, 0, 1, '2019-11-03 19:34:26', NULL, '2019-11-03 19:34:26'),
(168, 72, 18, -86, 2, 2, 46, 176, 0, 0, '2019-11-03 19:34:26', NULL, '2019-11-03 19:34:26'),
(169, 73, 3, 50, 2, 1, 88, 20, 0, 1, '2019-11-03 19:34:32', NULL, '2019-11-03 19:34:32'),
(170, 73, 15, -18, 1, 2, 20, 88, 0, 0, '2019-11-03 19:34:32', NULL, '2019-11-03 19:34:32'),
(171, 74, 5, -36, 1, 2, 14, 96, 0, 0, '2019-11-03 19:34:37', NULL, '2019-11-03 19:34:37'),
(172, 74, 16, 286, 2, 1, 96, 14, 0, 1, '2019-11-03 19:34:37', NULL, '2019-11-03 19:34:37'),
(173, 75, 6, -10, 0, 1, 0, 60, 0, 0, '2019-11-03 19:34:42', NULL, '2019-11-03 19:34:42'),
(174, 75, 16, 300, 1, 0, 60, 0, 0, 1, '2019-11-03 19:34:42', NULL, '2019-11-03 19:34:42'),
(175, 76, 4, -42, 2, 3, 66, 182, 0, 0, '2019-11-03 19:34:49', NULL, '2019-11-03 19:34:49'),
(176, 76, 17, 134, 3, 2, 182, 66, 0, 1, '2019-11-03 19:34:49', NULL, '2019-11-03 19:34:49'),
(177, 77, 2, -150, 1, 1, 24, 240, 0, 0, '2019-11-03 19:34:54', NULL, '2019-11-03 19:34:54'),
(178, 77, 14, 26, 1, 1, 240, 24, 0, 1, '2019-11-03 19:34:54', NULL, '2019-11-03 19:34:54'),
(179, 78, 5, -33, 5, 3, 79, 93, 0, 0, '2019-11-03 19:35:00', NULL, '2019-11-03 19:35:00'),
(180, 78, 12, 41, 3, 5, 93, 79, 0, 1, '2019-11-03 19:35:00', NULL, '2019-11-03 19:35:00'),
(181, 79, 3, 4, 4, 1, 328, 66, 0, 1, '2019-11-03 19:35:06', NULL, '2019-11-03 19:35:06'),
(182, 79, 16, -28, 1, 4, 66, 328, 0, 0, '2019-11-03 19:35:06', NULL, '2019-11-03 19:35:06'),
(183, 80, 3, -17, 1, 4, 96, 87, 0, 0, '2019-11-03 19:35:12', NULL, '2019-11-03 19:35:12'),
(184, 80, 12, 24, 4, 1, 87, 96, 0, 1, '2019-11-03 19:35:12', NULL, '2019-11-03 19:35:12'),
(185, 81, 4, 74, 4, 3, 120, 66, 0, 1, '2019-11-03 19:35:19', NULL, '2019-11-03 19:35:19'),
(186, 81, 12, 0, 3, 4, 66, 120, 0, 0, '2019-11-03 19:35:19', NULL, '2019-11-03 19:35:19'),
(187, 82, 1, 37, 4, 2, 126, 63, 0, 1, '2019-11-03 19:35:25', NULL, '2019-11-03 19:35:25'),
(188, 82, 12, -6, 2, 4, 63, 126, 0, 0, '2019-11-03 19:35:25', NULL, '2019-11-03 19:35:25'),
(189, 83, 3, 70, 1, 0, 80, 0, 0, 1, '2019-11-03 19:35:31', NULL, '2019-11-03 19:35:31'),
(190, 83, 15, -10, 0, 1, 0, 80, 0, 0, '2019-11-03 19:35:31', NULL, '2019-11-03 19:35:31'),
(191, 84, 1, -100, 0, 1, 0, 200, 0, 0, '2019-11-03 19:35:36', NULL, '2019-11-03 19:35:36'),
(192, 84, 14, 50, 1, 0, 200, 0, 0, 1, '2019-11-03 19:35:36', NULL, '2019-11-03 19:35:36'),
(193, 85, 3, 70, 4, 0, 320, 0, 0, 1, '2019-11-03 19:35:41', NULL, '2019-11-03 19:35:41'),
(194, 85, 19, -70, 0, 4, 0, 320, 0, 0, '2019-11-03 19:35:41', NULL, '2019-11-03 19:35:41'),
(195, 86, 3, -7, 0, 1, 0, 77, 0, 0, '2019-11-03 19:35:46', NULL, '2019-11-03 19:35:46'),
(196, 86, 11, 200, 1, 0, 77, 0, 0, 1, '2019-11-03 19:35:46', NULL, '2019-11-03 19:35:46'),
(197, 87, 2, 90, 3, 0, 54, 0, 0, 1, '2019-11-03 19:35:56', NULL, '2019-11-03 19:35:56'),
(198, 87, 13, -4, 0, 3, 0, 54, 0, 0, '2019-11-03 19:35:56', NULL, '2019-11-03 19:35:56'),
(199, 88, 8, 53, 6, 9, 281, 77, 0, 1, '2019-11-03 19:36:03', NULL, '2019-11-03 19:36:03'),
(200, 88, 19, -31, 9, 6, 77, 281, 0, 0, '2019-11-03 19:36:03', NULL, '2019-11-03 19:36:03'),
(201, 89, 4, 0, 4, 3, 87, 140, 0, 0, '2019-11-03 19:36:10', NULL, '2019-11-03 19:36:10'),
(202, 89, 17, 113, 3, 4, 140, 87, 0, 1, '2019-11-03 19:36:10', NULL, '2019-11-03 19:36:10'),
(203, 90, 1, 84, 3, 1, 93, 16, 0, 1, '2019-11-03 19:36:16', NULL, '2019-11-03 19:36:16'),
(204, 90, 18, -3, 1, 3, 16, 93, 0, 0, '2019-11-03 19:36:16', NULL, '2019-11-03 19:36:16'),
(205, 91, 7, 18, 4, 6, 84, 122, 0, 1, '2019-11-03 19:36:25', NULL, '2019-11-03 19:36:25'),
(206, 91, 15, -14, 6, 4, 122, 84, 0, 0, '2019-11-03 19:36:25', NULL, '2019-11-03 19:36:25'),
(207, 92, 3, 70, 3, 0, 256, 0, 0, 1, '2019-11-03 19:36:30', NULL, '2019-11-03 19:36:30'),
(208, 92, 11, -56, 0, 3, 0, 256, 0, 0, '2019-11-03 19:36:30', NULL, '2019-11-03 19:36:30'),
(209, 93, 1, 70, 3, 1, 81, 30, 0, 1, '2019-11-03 19:36:36', NULL, '2019-11-03 19:36:36'),
(210, 93, 15, -11, 1, 3, 30, 81, 0, 0, '2019-11-03 19:36:36', NULL, '2019-11-03 19:36:36'),
(211, 94, 6, -27, 0, 1, 0, 77, 0, 0, '2019-11-03 19:36:41', NULL, '2019-11-03 19:36:41'),
(212, 94, 11, 200, 1, 0, 77, 0, 0, 1, '2019-11-03 19:36:41', NULL, '2019-11-03 19:36:41'),
(213, 95, 9, -120, 0, 1, 0, 200, 0, 0, '2019-11-03 19:36:46', NULL, '2019-11-03 19:36:46'),
(214, 95, 14, 50, 1, 0, 200, 0, 0, 1, '2019-11-03 19:36:46', NULL, '2019-11-03 19:36:46'),
(215, 96, 10, -12, 4, 4, 205, 162, 0, 0, '2019-11-03 19:36:53', NULL, '2019-11-03 19:36:53'),
(216, 96, 20, 195, 4, 4, 162, 205, 0, 1, '2019-11-03 19:36:53', NULL, '2019-11-03 19:36:53'),
(217, 97, 6, -6, 0, 1, 0, 56, 0, 0, '2019-11-03 19:36:58', NULL, '2019-11-03 19:36:58'),
(218, 97, 17, 200, 1, 0, 56, 0, 0, 1, '2019-11-03 19:36:58', NULL, '2019-11-03 19:36:58'),
(219, 98, 6, -3, 0, 2, 0, 53, 0, 0, '2019-11-03 19:37:03', NULL, '2019-11-03 19:37:03'),
(220, 98, 15, 70, 2, 0, 53, 0, 0, 1, '2019-11-03 19:37:03', NULL, '2019-11-03 19:37:03'),
(221, 99, 5, -10, 0, 1, 0, 70, 0, 0, '2019-11-03 19:37:09', NULL, '2019-11-03 19:37:09'),
(222, 99, 17, 200, 1, 0, 70, 0, 0, 1, '2019-11-03 19:37:09', NULL, '2019-11-03 19:37:09'),
(223, 100, 9, -81, 7, 2, 185, 161, 0, 0, '2019-11-03 19:37:16', NULL, '2019-11-03 19:37:16'),
(224, 100, 17, 15, 2, 7, 161, 185, 0, 1, '2019-11-03 19:37:16', NULL, '2019-11-03 19:37:16'),
(225, 101, 5, 60, 5, 0, 65, 0, 0, 1, '2019-11-03 19:37:43', NULL, '2019-11-03 19:37:43'),
(226, 101, 13, -15, 0, 5, 0, 65, 0, 0, '2019-11-03 19:37:43', NULL, '2019-11-03 19:37:43'),
(227, 102, 10, 24, 2, 6, 95, 126, 0, 1, '2019-11-03 19:38:08', NULL, '2019-11-03 19:38:08'),
(228, 102, 18, -5, 6, 2, 126, 95, 0, 0, '2019-11-03 19:38:08', NULL, '2019-11-03 19:38:08'),
(229, 103, 5, -4, 3, 3, 48, 64, 0, 0, '2019-11-03 19:38:14', NULL, '2019-11-03 19:38:14'),
(230, 103, 18, 42, 3, 3, 64, 48, 0, 1, '2019-11-03 19:38:14', NULL, '2019-11-03 19:38:14'),
(231, 104, 3, 28, 3, 2, 128, 42, 0, 1, '2019-11-03 19:38:19', NULL, '2019-11-03 19:38:19'),
(232, 104, 18, -38, 2, 3, 42, 128, 0, 0, '2019-11-03 19:38:19', NULL, '2019-11-03 19:38:19'),
(233, 105, 3, -14, 0, 3, 0, 84, 0, 0, '2019-11-03 19:38:25', NULL, '2019-11-03 19:38:25'),
(234, 105, 12, 120, 3, 0, 84, 0, 0, 1, '2019-11-03 19:38:25', NULL, '2019-11-03 19:38:25'),
(235, 106, 4, 97, 8, 5, 261, 43, 0, 1, '2019-11-03 19:38:32', NULL, '2019-11-03 19:38:32'),
(236, 106, 19, -11, 5, 8, 43, 261, 0, 0, '2019-11-03 19:38:32', NULL, '2019-11-03 19:38:32'),
(237, 107, 7, -63, 0, 3, 0, 203, 0, 0, '2019-11-03 19:38:37', NULL, '2019-11-03 19:38:37'),
(238, 107, 11, 200, 3, 0, 203, 0, 0, 1, '2019-11-03 19:38:37', NULL, '2019-11-03 19:38:37'),
(239, 108, 3, -14, 1, 1, 96, 84, 0, 0, '2019-11-03 19:38:41', NULL, '2019-11-03 19:38:41'),
(240, 108, 11, 104, 1, 1, 84, 96, 0, 1, '2019-11-03 19:38:41', NULL, '2019-11-03 19:38:41'),
(241, 109, 8, -30, 0, 2, 0, 160, 0, 0, '2019-11-03 19:38:47', NULL, '2019-11-03 19:38:47'),
(242, 109, 14, 50, 2, 0, 160, 0, 0, 1, '2019-11-03 19:38:47', NULL, '2019-11-03 19:38:47'),
(243, 110, 2, -57, 2, 2, 66, 147, 0, 0, '2019-11-03 19:38:52', NULL, '2019-11-03 19:38:52'),
(244, 110, 11, 134, 2, 2, 147, 66, 0, 1, '2019-11-03 19:38:52', NULL, '2019-11-03 19:38:52'),
(245, 111, 10, -67, 0, 3, 0, 217, 0, 0, '2019-11-03 19:38:58', NULL, '2019-11-03 19:38:58'),
(246, 111, 17, 200, 3, 0, 217, 0, 0, 1, '2019-11-03 19:38:58', NULL, '2019-11-03 19:38:58'),
(247, 112, 9, -10, 0, 3, 0, 90, 0, 0, '2019-11-03 19:39:03', NULL, '2019-11-03 19:39:03'),
(248, 112, 12, 120, 3, 0, 90, 0, 0, 1, '2019-11-03 19:39:03', NULL, '2019-11-03 19:39:03'),
(249, 113, 9, -4, 1, 1, 23, 84, 0, 0, '2019-11-03 19:39:08', NULL, '2019-11-03 19:39:08'),
(250, 113, 11, 177, 1, 1, 84, 23, 0, 1, '2019-11-03 19:39:08', NULL, '2019-11-03 19:39:08'),
(251, 114, 3, -56, 1, 3, 96, 126, 0, 0, '2019-11-03 19:39:14', NULL, '2019-11-03 19:39:14'),
(252, 114, 20, 304, 3, 1, 126, 96, 0, 1, '2019-11-03 19:39:14', NULL, '2019-11-03 19:39:14'),
(253, 115, 6, -8, 0, 3, 0, 58, 0, 0, '2019-11-03 19:39:19', NULL, '2019-11-03 19:39:19'),
(254, 115, 18, 90, 3, 0, 58, 0, 0, 1, '2019-11-03 19:39:19', NULL, '2019-11-03 19:39:19'),
(255, 116, 6, -13, 0, 1, 0, 63, 0, 0, '2019-11-03 19:39:25', NULL, '2019-11-03 19:39:25'),
(256, 116, 17, 200, 1, 0, 63, 0, 0, 1, '2019-11-03 19:39:25', NULL, '2019-11-03 19:39:25'),
(257, 117, 10, 94, 6, 5, 300, 56, 0, 1, '2019-11-03 19:39:32', NULL, '2019-11-03 19:39:32'),
(258, 117, 19, -50, 5, 6, 56, 300, 0, 0, '2019-11-03 19:39:32', NULL, '2019-11-03 19:39:32'),
(259, 118, 2, -71, 0, 2, 0, 161, 0, 0, '2019-11-03 19:39:37', NULL, '2019-11-03 19:39:37'),
(260, 118, 11, 200, 2, 0, 161, 0, 0, 1, '2019-11-03 19:39:37', NULL, '2019-11-03 19:39:37'),
(261, 119, 4, -34, 2, 3, 69, 174, 0, 0, '2019-11-03 19:39:43', NULL, '2019-11-03 19:39:43'),
(262, 119, 16, 231, 3, 2, 174, 69, 0, 1, '2019-11-03 19:39:43', NULL, '2019-11-03 19:39:43'),
(263, 120, 5, 6, 6, 3, 97, 54, 0, 1, '2019-11-03 19:39:50', NULL, '2019-11-03 19:39:50'),
(264, 120, 18, -7, 3, 6, 54, 97, 0, 0, '2019-11-03 19:39:50', NULL, '2019-11-03 19:39:50'),
(265, 121, 1, -100, 0, 1, 0, 200, 0, 0, '2019-11-03 19:39:55', NULL, '2019-11-03 19:39:55'),
(266, 121, 14, 50, 1, 0, 200, 0, 0, 1, '2019-11-03 19:39:55', NULL, '2019-11-03 19:39:55'),
(267, 122, 5, -3, 0, 2, 0, 63, 0, 0, '2019-11-03 19:40:00', NULL, '2019-11-03 19:40:00'),
(268, 122, 12, 120, 2, 0, 63, 0, 0, 1, '2019-11-03 19:40:00', NULL, '2019-11-03 19:40:00'),
(269, 123, 5, 0, 1, 2, 17, 60, 0, 0, '2019-11-03 19:40:05', NULL, '2019-11-03 19:40:05'),
(270, 123, 12, 103, 2, 1, 60, 17, 0, 1, '2019-11-03 19:40:05', NULL, '2019-11-03 19:40:05'),
(271, 124, 8, 46, 1, 1, 50, 84, 0, 1, '2019-11-03 19:40:11', NULL, '2019-11-03 19:40:11'),
(272, 124, 13, 0, 1, 1, 84, 50, 0, 0, '2019-11-03 19:40:11', NULL, '2019-11-03 19:40:11'),
(273, 125, 8, -80, 3, 3, 145, 210, 0, 0, '2019-11-03 19:40:16', NULL, '2019-11-03 19:40:16'),
(274, 125, 11, 55, 3, 3, 210, 145, 0, 1, '2019-11-03 19:40:16', NULL, '2019-11-03 19:40:16'),
(275, 126, 5, -36, 3, 2, 42, 96, 0, 0, '2019-11-03 19:40:21', NULL, '2019-11-03 19:40:21'),
(276, 126, 20, 358, 2, 3, 96, 42, 0, 1, '2019-11-03 19:40:21', NULL, '2019-11-03 19:40:21'),
(277, 127, 7, -52, 2, 3, 48, 192, 0, 0, '2019-11-03 19:40:27', NULL, '2019-11-03 19:40:27'),
(278, 127, 20, 352, 3, 2, 192, 48, 0, 1, '2019-11-03 19:40:27', NULL, '2019-11-03 19:40:27'),
(279, 128, 10, -4, 1, 2, 55, 154, 0, 0, '2019-11-03 19:40:32', NULL, '2019-11-03 19:40:32'),
(280, 128, 17, 145, 2, 1, 154, 55, 0, 1, '2019-11-03 19:40:32', NULL, '2019-11-03 19:40:32'),
(281, 129, 9, -60, 4, 2, 99, 140, 0, 0, '2019-11-03 19:40:38', NULL, '2019-11-03 19:40:38'),
(282, 129, 11, 101, 2, 4, 140, 99, 0, 1, '2019-11-03 19:40:38', NULL, '2019-11-03 19:40:38'),
(283, 130, 10, -67, 2, 3, 105, 217, 0, 0, '2019-11-03 19:40:45', NULL, '2019-11-03 19:40:45'),
(284, 130, 17, 95, 3, 2, 217, 105, 0, 1, '2019-11-03 19:40:45', NULL, '2019-11-03 19:40:45'),
(285, 131, 7, -28, 3, 3, 54, 168, 0, 0, '2019-11-03 19:40:52', NULL, '2019-11-03 19:40:52'),
(286, 131, 16, 246, 3, 3, 168, 54, 0, 1, '2019-11-03 19:40:52', NULL, '2019-11-03 19:40:52'),
(287, 132, 2, -18, 4, 2, 114, 108, 0, 0, '2019-11-03 19:40:58', NULL, '2019-11-03 19:40:58'),
(288, 132, 20, 286, 2, 4, 108, 114, 0, 1, '2019-11-03 19:40:58', NULL, '2019-11-03 19:40:58'),
(289, 133, 5, -100, 0, 1, 0, 160, 0, 0, '2019-11-03 19:41:04', NULL, '2019-11-03 19:41:04'),
(290, 133, 14, 50, 1, 0, 160, 0, 0, 1, '2019-11-03 19:41:04', NULL, '2019-11-03 19:41:04'),
(291, 134, 9, -19, 0, 3, 0, 99, 0, 0, '2019-11-03 19:41:10', NULL, '2019-11-03 19:41:10'),
(292, 134, 12, 120, 3, 0, 99, 0, 0, 1, '2019-11-03 19:41:10', NULL, '2019-11-03 19:41:10'),
(293, 135, 3, 42, 2, 2, 72, 28, 0, 1, '2019-11-03 19:41:16', NULL, '2019-11-03 19:41:16'),
(294, 135, 15, -2, 2, 2, 28, 72, 0, 0, '2019-11-03 19:41:16', NULL, '2019-11-03 19:41:16'),
(295, 136, 8, -3, 0, 2, 0, 133, 0, 0, '2019-11-03 19:41:21', NULL, '2019-11-03 19:41:21'),
(296, 136, 13, 50, 2, 0, 133, 0, 0, 1, '2019-11-03 19:41:21', NULL, '2019-11-03 19:41:21'),
(297, 137, 2, -30, 1, 3, 33, 120, 0, 0, '2019-11-03 19:41:27', NULL, '2019-11-03 19:41:27'),
(298, 137, 16, 267, 3, 1, 120, 33, 0, 1, '2019-11-03 19:41:27', NULL, '2019-11-03 19:41:27'),
(299, 138, 7, -100, 1, 1, 20, 240, 0, 0, '2019-11-03 19:41:32', NULL, '2019-11-03 19:41:32'),
(300, 138, 14, 30, 1, 1, 240, 20, 0, 1, '2019-11-03 19:41:32', NULL, '2019-11-03 19:41:32'),
(301, 139, 1, -14, 1, 2, 36, 114, 0, 0, '2019-11-03 19:41:37', NULL, '2019-11-03 19:41:37'),
(302, 139, 20, 364, 2, 1, 114, 36, 0, 1, '2019-11-03 19:41:37', NULL, '2019-11-03 19:41:37'),
(303, 140, 8, 130, 2, 0, 100, 0, 0, 1, '2019-11-03 19:41:42', NULL, '2019-11-03 19:41:42'),
(304, 140, 18, -10, 0, 2, 0, 100, 0, 0, '2019-11-03 19:41:42', NULL, '2019-11-03 19:41:42'),
(305, 141, 7, -63, 7, 3, 126, 203, 0, 0, '2019-11-03 19:41:48', NULL, '2019-11-03 19:41:48'),
(306, 141, 17, 74, 3, 7, 203, 126, 0, 1, '2019-11-03 19:41:48', NULL, '2019-11-03 19:41:48'),
(307, 142, 2, 6, 6, 3, 120, 84, 0, 1, '2019-11-03 19:41:55', NULL, '2019-11-03 19:41:55'),
(308, 142, 12, 0, 3, 6, 84, 120, 0, 0, '2019-11-03 19:41:55', NULL, '2019-11-03 19:41:55'),
(309, 143, 3, 61, 4, 1, 312, 9, 0, 1, '2019-11-03 19:42:01', NULL, '2019-11-03 19:42:01'),
(310, 143, 19, -62, 1, 4, 9, 312, 0, 0, '2019-11-03 19:42:01', NULL, '2019-11-03 19:42:01'),
(311, 144, 10, 50, 5, 9, 265, 100, 0, 1, '2019-11-03 19:42:08', NULL, '2019-11-03 19:42:08'),
(312, 144, 19, -15, 9, 5, 100, 265, 0, 0, '2019-11-03 19:42:08', NULL, '2019-11-03 19:42:08'),
(313, 145, 1, -14, 2, 2, 63, 114, 0, 0, '2019-11-03 19:42:14', NULL, '2019-11-03 19:42:14'),
(314, 145, 16, 237, 2, 2, 114, 63, 0, 1, '2019-11-03 19:42:14', NULL, '2019-11-03 19:42:14'),
(315, 146, 7, -58, 2, 4, 38, 198, 0, 0, '2019-11-03 19:42:19', NULL, '2019-11-03 19:42:19'),
(316, 146, 20, 362, 4, 2, 198, 38, 0, 1, '2019-11-03 19:42:19', NULL, '2019-11-03 19:42:19'),
(317, 147, 4, -10, 5, 3, 153, 150, 0, 0, '2019-11-03 19:42:26', NULL, '2019-11-03 19:42:26'),
(318, 147, 20, 247, 3, 5, 150, 153, 0, 1, '2019-11-03 19:42:26', NULL, '2019-11-03 19:42:26'),
(319, 148, 10, 150, 3, 0, 145, 0, 0, 1, '2019-11-03 19:42:31', NULL, '2019-11-03 19:42:31'),
(320, 148, 12, -25, 0, 3, 0, 145, 0, 0, '2019-11-03 19:42:31', NULL, '2019-11-03 19:42:31'),
(321, 149, 1, -26, 2, 2, 60, 126, 0, 0, '2019-11-03 19:42:37', NULL, '2019-11-03 19:42:37'),
(322, 149, 17, 140, 2, 2, 126, 60, 0, 1, '2019-11-03 19:42:37', NULL, '2019-11-03 19:42:37'),
(323, 150, 8, 48, 3, 4, 136, 82, 0, 1, '2019-11-03 19:42:44', NULL, '2019-11-03 19:42:44'),
(324, 150, 18, -46, 4, 3, 82, 136, 0, 0, '2019-11-03 19:42:44', NULL, '2019-11-03 19:42:44'),
(325, 151, 4, 78, 4, 3, 99, 62, 0, 1, '2019-11-03 19:42:50', NULL, '2019-11-03 19:42:50'),
(326, 151, 18, -9, 3, 4, 62, 99, 0, 0, '2019-11-03 19:42:50', NULL, '2019-11-03 19:42:50'),
(327, 152, 10, 84, 3, 2, 145, 66, 0, 1, '2019-11-03 19:42:57', NULL, '2019-11-03 19:42:57'),
(328, 152, 12, -25, 2, 3, 66, 145, 0, 0, '2019-11-03 19:42:57', NULL, '2019-11-03 19:42:57'),
(329, 153, 1, 54, 4, 2, 111, 46, 0, 1, '2019-11-03 19:43:05', NULL, '2019-11-03 19:43:05'),
(330, 153, 18, -21, 2, 4, 46, 111, 0, 0, '2019-11-03 19:43:05', NULL, '2019-11-03 19:43:05'),
(331, 154, 2, -30, 0, 2, 0, 120, 0, 0, '2019-11-03 19:43:10', NULL, '2019-11-03 19:43:10'),
(332, 154, 20, 400, 2, 0, 120, 0, 0, 1, '2019-11-03 19:43:10', NULL, '2019-11-03 19:43:10'),
(333, 155, 7, 0, 6, 2, 120, 140, 0, 0, '2019-11-03 19:43:17', NULL, '2019-11-03 19:43:17'),
(334, 155, 17, 80, 2, 6, 140, 120, 0, 1, '2019-11-03 19:43:17', NULL, '2019-11-03 19:43:17'),
(335, 156, 5, -6, 0, 3, 0, 66, 0, 0, '2019-11-03 19:43:23', NULL, '2019-11-03 19:43:23'),
(336, 156, 18, 90, 3, 0, 66, 0, 0, 1, '2019-11-03 19:43:23', NULL, '2019-11-03 19:43:23'),
(337, 157, 3, 39, 3, 3, 264, 31, 0, 1, '2019-11-03 19:43:28', NULL, '2019-11-03 19:43:28'),
(338, 157, 19, -14, 3, 3, 31, 264, 0, 0, '2019-11-03 19:43:28', NULL, '2019-11-03 19:43:28'),
(339, 158, 3, -32, 2, 2, 176, 102, 0, 0, '2019-11-03 19:43:34', NULL, '2019-11-03 19:43:34'),
(340, 158, 20, 224, 2, 2, 102, 176, 0, 1, '2019-11-03 19:43:34', NULL, '2019-11-03 19:43:34'),
(341, 159, 10, 150, 1, 0, 50, 0, 0, 1, '2019-11-03 19:43:39', NULL, '2019-11-03 19:43:39'),
(342, 159, 13, 0, 0, 1, 0, 50, 0, 0, '2019-11-03 19:43:39', NULL, '2019-11-03 19:43:39'),
(343, 160, 4, 100, 5, 2, 114, 40, 0, 1, '2019-11-03 19:43:45', NULL, '2019-11-03 19:43:45'),
(344, 160, 18, -24, 2, 5, 40, 114, 0, 0, '2019-11-03 19:43:45', NULL, '2019-11-03 19:43:45'),
(345, 161, 10, -4, 1, 2, 40, 154, 0, 0, '2019-11-03 19:43:51', NULL, '2019-11-03 19:43:51'),
(346, 161, 13, 10, 2, 1, 154, 40, 0, 1, '2019-11-03 19:43:51', NULL, '2019-11-03 19:43:51'),
(347, 162, 6, -27, 1, 1, 15, 77, 0, 0, '2019-11-03 19:43:55', NULL, '2019-11-03 19:43:55'),
(348, 162, 11, 185, 1, 1, 77, 15, 0, 1, '2019-11-03 19:43:55', NULL, '2019-11-03 19:43:55'),
(349, 163, 4, -18, 2, 6, 57, 158, 0, 0, '2019-11-03 19:44:01', NULL, '2019-11-03 19:44:01'),
(350, 163, 15, 13, 6, 2, 158, 57, 0, 1, '2019-11-03 19:44:01', NULL, '2019-11-03 19:44:01'),
(351, 164, 1, -14, 4, 4, 117, 114, 0, 0, '2019-11-03 19:44:08', NULL, '2019-11-03 19:44:08'),
(352, 164, 12, 3, 4, 4, 114, 117, 0, 1, '2019-11-03 19:44:08', NULL, '2019-11-03 19:44:08'),
(353, 165, 5, -10, 4, 1, 57, 70, 0, 0, '2019-11-03 19:44:13', NULL, '2019-11-03 19:44:13'),
(354, 165, 11, 143, 1, 4, 70, 57, 0, 1, '2019-11-03 19:44:13', NULL, '2019-11-03 19:44:13'),
(355, 166, 5, -3, 0, 1, 0, 63, 0, 0, '2019-11-03 19:44:18', NULL, '2019-11-03 19:44:18'),
(356, 166, 11, 200, 1, 0, 63, 0, 0, 1, '2019-11-03 19:44:18', NULL, '2019-11-03 19:44:18'),
(357, 167, 6, -1, 5, 7, 77, 51, 0, 0, '2019-11-03 19:44:25', NULL, '2019-11-03 19:44:25'),
(358, 167, 19, 173, 7, 5, 51, 77, 0, 1, '2019-11-03 19:44:25', NULL, '2019-11-03 19:44:25'),
(359, 168, 6, -22, 0, 1, 0, 72, 0, 0, '2019-11-03 19:44:30', NULL, '2019-11-03 19:44:30'),
(360, 168, 16, 300, 1, 0, 72, 0, 0, 1, '2019-11-03 19:44:30', NULL, '2019-11-03 19:44:30'),
(361, 169, 1, 40, 4, 2, 126, 60, 0, 1, '2019-11-03 19:44:39', NULL, '2019-11-03 19:44:39'),
(362, 169, 12, -6, 2, 4, 60, 126, 0, 0, '2019-11-03 19:44:39', NULL, '2019-11-03 19:44:39'),
(363, 170, 7, 59, 7, 5, 122, 81, 0, 1, '2019-11-03 19:44:47', NULL, '2019-11-03 19:44:47'),
(364, 170, 12, -2, 5, 7, 81, 122, 0, 0, '2019-11-03 19:44:47', NULL, '2019-11-03 19:44:47'),
(365, 171, 6, -20, 0, 1, 0, 70, 0, 0, '2019-11-03 19:44:52', NULL, '2019-11-03 19:44:52'),
(366, 171, 11, 200, 1, 0, 70, 0, 0, 1, '2019-11-03 19:44:52', NULL, '2019-11-03 19:44:52'),
(367, 172, 3, 70, 1, 0, 96, 0, 0, 1, '2019-11-03 19:44:57', NULL, '2019-11-03 19:44:57'),
(368, 172, 15, -26, 0, 1, 0, 96, 0, 0, '2019-11-03 19:44:57', NULL, '2019-11-03 19:44:57'),
(369, 173, 2, -30, 0, 2, 0, 120, 0, 0, '2019-11-03 19:45:03', NULL, '2019-11-03 19:45:03'),
(370, 173, 16, 300, 2, 0, 120, 0, 0, 1, '2019-11-03 19:45:03', NULL, '2019-11-03 19:45:03'),
(371, 174, 4, 21, 2, 2, 51, 119, 0, 1, '2019-11-03 19:45:11', NULL, '2019-11-03 19:45:11'),
(372, 174, 13, -1, 2, 2, 119, 51, 0, 0, '2019-11-03 19:45:11', NULL, '2019-11-03 19:45:11'),
(373, 175, 8, -2, 1, 2, 41, 132, 0, 0, '2019-11-03 19:45:17', NULL, '2019-11-03 19:45:17'),
(374, 175, 20, 359, 2, 1, 132, 41, 0, 1, '2019-11-03 19:45:17', NULL, '2019-11-03 19:45:17'),
(375, 176, 2, 10, 8, 8, 255, 80, 0, 1, '2019-11-03 19:45:26', NULL, '2019-11-03 19:45:26'),
(376, 176, 19, -5, 8, 8, 80, 255, 0, 0, '2019-11-03 19:45:26', NULL, '2019-11-03 19:45:26'),
(377, 177, 5, -3, 0, 2, 0, 63, 0, 0, '2019-11-03 19:45:32', NULL, '2019-11-03 19:45:32'),
(378, 177, 12, 120, 2, 0, 63, 0, 0, 1, '2019-11-03 19:45:32', NULL, '2019-11-03 19:45:32'),
(379, 178, 7, -49, 8, 3, 164, 189, 0, 0, '2019-11-03 19:45:42', NULL, '2019-11-03 19:45:42'),
(380, 178, 11, 36, 3, 8, 189, 164, 0, 1, '2019-11-03 19:45:41', NULL, '2019-11-03 19:45:41'),
(381, 179, 3, -90, 0, 1, 0, 160, 0, 0, '2019-11-03 19:45:46', NULL, '2019-11-03 19:45:46'),
(382, 179, 14, 50, 1, 0, 160, 0, 0, 1, '2019-11-03 19:45:46', NULL, '2019-11-03 19:45:46'),
(383, 180, 8, 77, 3, 2, 90, 53, 0, 1, '2019-11-03 19:45:52', NULL, '2019-11-03 19:45:52'),
(384, 180, 15, -20, 2, 3, 53, 90, 0, 0, '2019-11-03 19:45:52', NULL, '2019-11-03 19:45:52'),
(385, 181, 2, 90, 2, 0, 60, 0, 0, 1, '2019-11-03 19:45:57', NULL, '2019-11-03 19:45:57'),
(386, 181, 13, -10, 0, 2, 0, 60, 0, 0, '2019-11-03 19:45:57', NULL, '2019-11-03 19:45:57'),
(387, 182, 7, -13, 5, 5, 98, 153, 0, 0, '2019-11-03 19:46:03', NULL, '2019-11-03 19:46:03'),
(388, 182, 12, 22, 5, 5, 153, 98, 0, 1, '2019-11-03 19:46:03', NULL, '2019-11-03 19:46:03'),
(389, 183, 1, 22, 4, 4, 111, 78, 0, 1, '2019-11-03 19:46:10', NULL, '2019-11-03 19:46:10'),
(390, 183, 18, -21, 4, 4, 78, 111, 0, 0, '2019-11-03 19:46:10', NULL, '2019-11-03 19:46:10'),
(391, 184, 4, -16, 5, 3, 144, 156, 0, 0, '2019-11-03 19:46:17', NULL, '2019-11-03 19:46:17'),
(392, 184, 20, 256, 3, 5, 156, 144, 0, 1, '2019-11-03 19:46:17', NULL, '2019-11-03 19:46:17'),
(393, 185, 3, -14, 1, 1, 80, 84, 0, 0, '2019-11-03 19:46:26', NULL, '2019-11-03 19:46:26'),
(394, 185, 11, 120, 1, 1, 84, 80, 0, 1, '2019-11-03 19:46:26', NULL, '2019-11-03 19:46:26'),
(395, 186, 5, -9, 4, 3, 68, 69, 0, 0, '2019-11-03 19:46:33', NULL, '2019-11-03 19:46:33'),
(396, 186, 12, 52, 3, 4, 69, 68, 0, 1, '2019-11-03 19:46:33', NULL, '2019-11-03 19:46:33'),
(397, 187, 2, -50, 0, 2, 0, 140, 0, 0, '2019-11-03 19:46:39', NULL, '2019-11-03 19:46:39'),
(398, 187, 13, 50, 2, 0, 140, 0, 0, 1, '2019-11-03 19:46:39', NULL, '2019-11-03 19:46:39'),
(399, 188, 5, -66, 2, 2, 32, 126, 0, 0, '2019-11-03 19:46:45', NULL, '2019-11-03 19:46:45'),
(400, 188, 20, 368, 2, 2, 126, 32, 0, 1, '2019-11-03 19:46:45', NULL, '2019-11-03 19:46:45'),
(401, 189, 1, -32, 0, 2, 0, 132, 0, 0, '2019-11-03 19:46:50', NULL, '2019-11-03 19:46:50'),
(402, 189, 16, 300, 2, 0, 132, 0, 0, 1, '2019-11-03 19:46:50', NULL, '2019-11-03 19:46:50'),
(403, 190, 3, 59, 3, 1, 272, 11, 0, 1, '2019-11-03 19:46:56', NULL, '2019-11-03 19:46:56'),
(404, 190, 19, -22, 1, 3, 11, 272, 0, 0, '2019-11-03 19:46:56', NULL, '2019-11-03 19:46:56'),
(405, 191, 4, 140, 2, 0, 57, 0, 0, 1, '2019-11-03 19:47:02', NULL, '2019-11-03 19:47:02'),
(406, 191, 14, -7, 0, 2, 0, 57, 0, 0, '2019-11-03 19:47:02', NULL, '2019-11-03 19:47:02'),
(407, 192, 8, 108, 2, 1, 99, 22, 0, 1, '2019-11-03 19:47:08', NULL, '2019-11-03 19:47:08'),
(408, 192, 18, -9, 1, 2, 22, 99, 0, 0, '2019-11-03 19:47:08', NULL, '2019-11-03 19:47:08'),
(409, 193, 5, -30, 0, 3, 0, 90, 0, 0, '2019-11-03 19:47:14', NULL, '2019-11-03 19:47:14'),
(410, 193, 12, 120, 3, 0, 90, 0, 0, 1, '2019-11-03 19:47:14', NULL, '2019-11-03 19:47:14'),
(411, 194, 10, -3, 1, 5, 60, 153, 0, 0, '2019-11-03 19:47:21', NULL, '2019-11-03 19:47:21'),
(412, 194, 12, 60, 5, 1, 153, 60, 0, 1, '2019-11-03 19:47:21', NULL, '2019-11-03 19:47:21'),
(413, 195, 3, -44, 3, 2, 160, 114, 0, 0, '2019-11-03 19:47:26', NULL, '2019-11-03 19:47:26'),
(414, 195, 16, 140, 2, 3, 114, 160, 0, 1, '2019-11-03 19:47:26', NULL, '2019-11-03 19:47:26'),
(415, 196, 7, -77, 1, 3, 16, 217, 0, 0, '2019-11-03 19:47:32', NULL, '2019-11-03 19:47:32'),
(416, 196, 13, 34, 3, 1, 217, 16, 0, 1, '2019-11-03 19:47:32', NULL, '2019-11-03 19:47:32'),
(417, 197, 3, 70, 2, 0, 96, 0, 0, 1, '2019-11-03 19:47:39', NULL, '2019-11-03 19:47:39'),
(418, 197, 14, -46, 0, 2, 0, 96, 0, 0, '2019-11-03 19:47:39', NULL, '2019-11-03 19:47:39'),
(419, 198, 3, 7, 3, 2, 168, 63, 0, 1, '2019-11-03 19:47:46', NULL, '2019-11-03 19:47:46'),
(420, 198, 12, -48, 2, 3, 63, 168, 0, 0, '2019-11-03 19:47:46', NULL, '2019-11-03 19:47:46'),
(421, 199, 7, 22, 5, 6, 96, 118, 0, 1, '2019-11-03 19:47:53', NULL, '2019-11-03 19:47:53'),
(422, 199, 18, -6, 6, 5, 118, 96, 0, 0, '2019-11-03 19:47:53', NULL, '2019-11-03 19:47:53'),
(423, 200, 4, 7, 2, 2, 54, 133, 0, 1, '2019-11-03 19:47:59', NULL, '2019-11-03 19:47:59'),
(424, 200, 13, -4, 2, 2, 133, 54, 0, 0, '2019-11-03 19:47:59', NULL, '2019-11-03 19:47:59'),
(425, 201, 1, 64, 4, 2, 111, 36, 0, 1, '2019-11-03 19:48:04', NULL, '2019-11-03 19:48:04'),
(426, 201, 18, -21, 2, 4, 36, 111, 0, 0, '2019-11-03 19:48:04', NULL, '2019-11-03 19:48:04'),
(427, 202, 10, -30, 4, 3, 205, 180, 0, 0, '2019-11-03 19:48:11', NULL, '2019-11-03 19:48:11'),
(428, 202, 20, 195, 3, 4, 180, 205, 0, 1, '2019-11-03 19:48:11', NULL, '2019-11-03 19:48:11'),
(429, 203, 1, 64, 4, 2, 105, 36, 0, 1, '2019-11-03 19:48:17', NULL, '2019-11-03 19:48:17'),
(430, 203, 18, -15, 2, 4, 36, 105, 0, 0, '2019-11-03 19:48:17', NULL, '2019-11-03 19:48:17'),
(431, 204, 10, -32, 1, 3, 45, 182, 0, 0, '2019-11-03 19:48:23', NULL, '2019-11-03 19:48:23'),
(432, 204, 11, 155, 3, 1, 182, 45, 0, 1, '2019-11-03 19:48:23', NULL, '2019-11-03 19:48:23'),
(433, 205, 6, -20, 1, 1, 18, 70, 0, 0, '2019-11-03 19:48:28', NULL, '2019-11-03 19:48:28'),
(434, 205, 13, 32, 1, 1, 70, 18, 0, 1, '2019-11-03 19:48:28', NULL, '2019-11-03 19:48:28'),
(435, 206, 8, 41, 9, 9, 297, 89, 0, 1, '2019-11-03 19:48:38', NULL, '2019-11-03 19:48:38'),
(436, 206, 19, -47, 9, 9, 89, 297, 0, 0, '2019-11-03 19:48:38', NULL, '2019-11-03 19:48:38'),
(437, 207, 4, 30, 4, 5, 114, 110, 0, 1, '2019-11-03 19:48:48', NULL, '2019-11-03 19:48:48'),
(438, 207, 18, -24, 5, 4, 110, 114, 0, 0, '2019-11-03 19:48:48', NULL, '2019-11-03 19:48:48'),
(439, 208, 5, 60, 6, 0, 92, 0, 0, 1, '2019-11-03 19:48:55', NULL, '2019-11-03 19:48:55'),
(440, 208, 18, -2, 0, 6, 0, 92, 0, 0, '2019-11-03 19:48:55', NULL, '2019-11-03 19:48:55'),
(441, 209, 1, -8, 1, 2, 27, 108, 0, 0, '2019-11-03 19:49:02', NULL, '2019-11-03 19:49:02'),
(442, 209, 16, 273, 2, 1, 108, 27, 0, 1, '2019-11-03 19:49:02', NULL, '2019-11-03 19:49:02'),
(443, 210, 9, 32, 3, 2, 73, 48, 0, 1, '2019-11-03 19:49:08', NULL, '2019-11-03 19:49:08'),
(444, 210, 15, -3, 2, 3, 48, 73, 0, 0, '2019-11-03 19:49:08', NULL, '2019-11-03 19:49:08'),
(445, 211, 7, -16, 4, 4, 76, 156, 0, 0, '2019-11-03 19:49:16', NULL, '2019-11-03 19:49:16'),
(446, 211, 16, 224, 4, 4, 156, 76, 0, 1, '2019-11-03 19:49:16', NULL, '2019-11-03 19:49:16'),
(447, 212, 10, 150, 3, 0, 140, 0, 0, 1, '2019-11-03 19:49:21', NULL, '2019-11-03 19:49:21'),
(448, 212, 12, -20, 0, 3, 0, 140, 0, 0, '2019-11-03 19:49:21', NULL, '2019-11-03 19:49:21'),
(449, 213, 10, -67, 0, 3, 0, 217, 0, 0, '2019-11-03 19:49:26', NULL, '2019-11-03 19:49:26'),
(450, 213, 17, 200, 3, 0, 217, 0, 0, 1, '2019-11-03 19:49:26', NULL, '2019-11-03 19:49:26'),
(451, 214, 6, -27, 1, 1, 15, 77, 0, 0, '2019-11-03 19:49:31', NULL, '2019-11-03 19:49:31'),
(452, 214, 17, 185, 1, 1, 77, 15, 0, 1, '2019-11-03 19:49:31', NULL, '2019-11-03 19:49:31'),
(453, 215, 2, -24, 8, 2, 243, 114, 0, 0, '2019-11-03 19:49:37', NULL, '2019-11-03 19:49:37'),
(454, 215, 20, 157, 2, 8, 114, 243, 0, 1, '2019-11-03 19:49:37', NULL, '2019-11-03 19:49:37'),
(455, 216, 1, -61, 1, 2, 30, 161, 0, 0, '2019-11-03 19:49:42', NULL, '2019-11-03 19:49:42'),
(456, 216, 13, 20, 2, 1, 161, 30, 0, 1, '2019-11-03 19:49:42', NULL, '2019-11-03 19:49:42'),
(457, 217, 3, -44, 2, 2, 168, 114, 0, 0, '2019-11-03 19:49:49', NULL, '2019-11-03 19:49:49'),
(458, 217, 16, 132, 2, 2, 114, 168, 0, 1, '2019-11-03 19:49:49', NULL, '2019-11-03 19:49:49'),
(459, 218, 7, 44, 4, 4, 78, 96, 0, 1, '2019-11-03 19:49:56', NULL, '2019-11-03 19:49:56'),
(460, 218, 15, -8, 4, 4, 96, 78, 0, 0, '2019-11-03 19:49:56', NULL, '2019-11-03 19:49:56'),
(461, 219, 3, -14, 2, 1, 160, 84, 0, 0, '2019-11-03 19:50:01', NULL, '2019-11-03 19:50:01'),
(462, 219, 17, 40, 1, 2, 84, 160, 0, 1, '2019-11-03 19:50:01', NULL, '2019-11-03 19:50:01'),
(463, 220, 1, -54, 1, 2, 36, 154, 0, 0, '2019-11-03 19:50:06', NULL, '2019-11-03 19:50:06'),
(464, 220, 17, 164, 2, 1, 154, 36, 0, 1, '2019-11-03 19:50:06', NULL, '2019-11-03 19:50:06'),
(465, 221, 3, -56, 2, 3, 152, 126, 0, 0, '2019-11-03 19:50:12', NULL, '2019-11-03 19:50:12'),
(466, 221, 16, 148, 3, 2, 126, 152, 0, 1, '2019-11-03 19:50:12', NULL, '2019-11-03 19:50:12'),
(467, 222, 9, 0, 0, 8, 0, 80, 0, 0, '2019-11-03 19:50:18', NULL, '2019-11-03 19:50:18'),
(468, 222, 19, 250, 8, 0, 80, 0, 0, 1, '2019-11-03 19:50:18', NULL, '2019-11-03 19:50:18'),
(469, 223, 5, -23, 0, 3, 0, 83, 0, 0, '2019-11-03 19:50:24', NULL, '2019-11-03 19:50:24'),
(470, 223, 15, 70, 3, 0, 83, 0, 0, 1, '2019-11-03 19:50:24', NULL, '2019-11-03 19:50:24'),
(471, 224, 5, 0, 2, 3, 24, 60, 0, 0, '2019-11-03 19:50:29', NULL, '2019-11-03 19:50:29'),
(472, 224, 18, 66, 3, 2, 60, 24, 0, 1, '2019-11-03 19:50:29', NULL, '2019-11-03 19:50:29'),
(473, 225, 2, -18, 2, 2, 63, 108, 0, 0, '2019-11-03 19:50:35', NULL, '2019-11-03 19:50:35'),
(474, 225, 16, 237, 2, 2, 108, 63, 0, 1, '2019-11-03 19:50:35', NULL, '2019-11-03 19:50:35'),
(475, 226, 8, -24, 3, 2, 113, 154, 0, 0, '2019-11-03 19:50:41', NULL, '2019-11-03 19:50:41'),
(476, 226, 11, 87, 2, 3, 154, 113, 0, 1, '2019-11-03 19:50:41', NULL, '2019-11-03 19:50:41'),
(477, 227, 1, 100, 2, 0, 63, 0, 0, 1, '2019-11-03 19:50:46', NULL, '2019-11-03 19:50:46'),
(478, 227, 14, -13, 0, 2, 0, 63, 0, 0, '2019-11-03 19:50:46', NULL, '2019-11-03 19:50:46'),
(479, 228, 3, 70, 1, 0, 64, 0, 0, 1, '2019-11-03 19:50:51', NULL, '2019-11-03 19:50:51'),
(480, 228, 13, -14, 0, 1, 0, 64, 0, 0, '2019-11-03 19:50:51', NULL, '2019-11-03 19:50:51'),
(481, 229, 9, -67, 2, 2, 55, 147, 0, 0, '2019-11-03 19:50:56', NULL, '2019-11-03 19:50:56'),
(482, 229, 17, 145, 2, 2, 147, 55, 0, 1, '2019-11-03 19:50:56', NULL, '2019-11-03 19:50:56'),
(483, 230, 1, 80, 3, 1, 96, 20, 0, 1, '2019-11-03 19:51:02', NULL, '2019-11-03 19:51:02'),
(484, 230, 15, -26, 1, 3, 20, 96, 0, 0, '2019-11-03 19:51:02', NULL, '2019-11-03 19:51:02'),
(485, 231, 8, 102, 2, 1, 86, 28, 0, 1, '2019-11-03 19:51:07', NULL, '2019-11-03 19:51:07'),
(486, 231, 15, -16, 1, 2, 28, 86, 0, 0, '2019-11-03 19:51:07', NULL, '2019-11-03 19:51:07'),
(487, 232, 2, 50, 3, 2, 90, 40, 0, 1, '2019-11-03 19:51:14', NULL, '2019-11-03 19:51:14'),
(488, 232, 15, -20, 2, 3, 40, 90, 0, 0, '2019-11-03 19:51:14', NULL, '2019-11-03 19:51:14'),
(489, 233, 9, 40, 4, 2, 95, 40, 0, 1, '2019-11-03 19:51:20', NULL, '2019-11-03 19:51:20'),
(490, 233, 18, -5, 2, 4, 40, 95, 0, 0, '2019-11-03 19:51:20', NULL, '2019-11-03 19:51:20'),
(491, 234, 5, -66, 4, 2, 72, 126, 0, 0, '2019-11-03 19:51:30', NULL, '2019-11-03 19:51:30'),
(492, 234, 20, 328, 2, 4, 126, 72, 0, 1, '2019-11-03 19:51:30', NULL, '2019-11-03 19:51:30'),
(493, 235, 5, 4, 6, 3, 93, 56, 0, 1, '2019-11-03 19:51:40', NULL, '2019-11-03 19:51:40'),
(494, 235, 18, -3, 3, 6, 56, 93, 0, 0, '2019-11-03 19:51:40', NULL, '2019-11-03 19:51:40'),
(495, 236, 5, 4, 4, 1, 62, 56, 0, 1, '2019-11-03 19:51:47', NULL, '2019-11-03 19:51:47'),
(496, 236, 13, -12, 1, 4, 56, 62, 0, 0, '2019-11-03 19:51:47', NULL, '2019-11-03 19:51:47'),
(497, 237, 1, 38, 11, 7, 267, 62, 0, 1, '2019-11-03 19:52:00', NULL, '2019-11-03 19:52:00'),
(498, 237, 19, -17, 7, 11, 62, 267, 0, 0, '2019-11-03 19:52:00', NULL, '2019-11-03 19:52:00'),
(499, 238, 7, 116, 5, 1, 94, 24, 0, 1, '2019-11-03 19:52:07', NULL, '2019-11-03 19:52:07'),
(500, 238, 18, -4, 1, 5, 24, 94, 0, 0, '2019-11-03 19:52:08', NULL, '2019-11-03 19:52:08'),
(501, 239, 5, -12, 1, 1, 15, 72, 0, 0, '2019-11-03 19:52:13', NULL, '2019-11-03 19:52:13'),
(502, 239, 20, 385, 1, 1, 72, 15, 0, 1, '2019-11-03 19:52:13', NULL, '2019-11-03 19:52:13'),
(503, 240, 2, -30, 2, 2, 54, 120, 0, 0, '2019-11-03 19:52:18', NULL, '2019-11-03 19:52:18'),
(504, 240, 16, 246, 2, 2, 120, 54, 0, 1, '2019-11-03 19:52:18', NULL, '2019-11-03 19:52:18'),
(505, 241, 3, 46, 2, 1, 192, 24, 0, 1, '2019-11-03 19:52:25', NULL, '2019-11-03 19:52:25'),
(506, 241, 12, -72, 1, 2, 24, 192, 0, 0, '2019-11-03 19:52:25', NULL, '2019-11-03 19:52:25'),
(507, 242, 3, 14, 1, 1, 88, 56, 0, 1, '2019-11-03 19:52:31', NULL, '2019-11-03 19:52:31'),
(508, 242, 13, -38, 1, 1, 56, 88, 0, 0, '2019-11-03 19:52:31', NULL, '2019-11-03 19:52:31'),
(509, 243, 3, -170, 0, 1, 0, 240, 0, 0, '2019-11-03 19:52:37', NULL, '2019-11-03 19:52:37'),
(510, 243, 14, 50, 1, 0, 240, 0, 0, 1, '2019-11-03 19:52:37', NULL, '2019-11-03 19:52:37'),
(511, 244, 5, -9, 10, 7, 169, 69, 0, 0, '2019-11-03 19:52:49', NULL, '2019-11-03 19:52:49'),
(512, 244, 19, 81, 7, 10, 69, 169, 0, 1, '2019-11-03 19:52:49', NULL, '2019-11-03 19:52:49'),
(513, 245, 8, 16, 3, 4, 140, 114, 0, 1, '2019-11-03 19:52:56', NULL, '2019-11-03 19:52:56'),
(514, 245, 12, -20, 4, 3, 114, 140, 0, 0, '2019-11-03 19:52:56', NULL, '2019-11-03 19:52:56'),
(515, 246, 9, -67, 0, 2, 0, 147, 0, 0, '2019-11-03 19:53:02', NULL, '2019-11-03 19:53:02'),
(516, 246, 11, 200, 2, 0, 147, 0, 0, 1, '2019-11-03 19:53:02', NULL, '2019-11-03 19:53:02'),
(517, 247, 2, -150, 0, 1, 0, 240, 0, 0, '2019-11-03 19:53:08', NULL, '2019-11-03 19:53:08'),
(518, 247, 14, 50, 1, 0, 240, 0, 0, 1, '2019-11-03 19:53:08', NULL, '2019-11-03 19:53:08'),
(519, 248, 9, -16, 0, 5, 0, 96, 0, 0, '2019-11-03 19:53:16', NULL, '2019-11-03 19:53:16'),
(520, 248, 18, 90, 5, 0, 96, 0, 0, 1, '2019-11-03 19:53:16', NULL, '2019-11-03 19:53:16'),
(521, 249, 9, -6, 2, 3, 50, 86, 0, 0, '2019-11-03 19:53:24', NULL, '2019-11-03 19:53:24'),
(522, 249, 15, 20, 3, 2, 86, 50, 0, 1, '2019-11-03 19:53:24', NULL, '2019-11-03 19:53:24'),
(523, 250, 10, -25, 2, 3, 100, 175, 0, 0, '2019-11-03 19:53:31', NULL, '2019-11-03 19:53:31'),
(524, 250, 11, 100, 3, 2, 175, 100, 0, 1, '2019-11-03 19:53:31', NULL, '2019-11-03 19:53:31');

--
-- Index pour les tables exportées
--

--
-- Index pour la table `combat`
--
ALTER TABLE `combat`
  ADD PRIMARY KEY (`id`);

--
-- Index pour la table `compteAdmin`
--
ALTER TABLE `compteAdmin`
  ADD PRIMARY KEY (`id`);

--
-- Index pour la table `entite`
--
ALTER TABLE `entite`
  ADD PRIMARY KEY (`id`);

--
-- Index pour la table `participant`
--
ALTER TABLE `participant`
  ADD PRIMARY KEY (`id`);

--
-- AUTO_INCREMENT pour les tables exportées
--

--
-- AUTO_INCREMENT pour la table `combat`
--
ALTER TABLE `combat`
  MODIFY `id` int(11) NOT NULL AUTO_INCREMENT, AUTO_INCREMENT=251;
--
-- AUTO_INCREMENT pour la table `compteAdmin`
--
ALTER TABLE `compteAdmin`
  MODIFY `id` int(11) NOT NULL AUTO_INCREMENT, AUTO_INCREMENT=5;
--
-- AUTO_INCREMENT pour la table `entite`
--
ALTER TABLE `entite`
  MODIFY `id` int(11) NOT NULL AUTO_INCREMENT, AUTO_INCREMENT=21;
--
-- AUTO_INCREMENT pour la table `participant`
--
ALTER TABLE `participant`
  MODIFY `id` int(11) NOT NULL AUTO_INCREMENT, AUTO_INCREMENT=525;
/*!40101 SET CHARACTER_SET_CLIENT=@OLD_CHARACTER_SET_CLIENT */;
/*!40101 SET CHARACTER_SET_RESULTS=@OLD_CHARACTER_SET_RESULTS */;
/*!40101 SET COLLATION_CONNECTION=@OLD_COLLATION_CONNECTION */;
